policy,reference,k,selection,metric,mean,ci_low,ci_high,users
deepseek,all_prior,1,historical_high,expected_distinct_records,0.031496062992125984,0.013090551181102363,0.056430446194225714,254
deepseek,all_prior,1,historical_high,identifications_per_mapping,0.036745406824146974,0.014402887139107612,0.06561679790026245,254
deepseek,all_prior,1,historical_high,reused_mapping_fraction,0.005249343832020997,0.0,0.014435695538057743,254
deepseek,all_prior,1,historical_high,intermittent_mapping_fraction,0.0013123359580052493,0.0,0.003937007874015748,254
deepseek,all_prior,1,historical_high,coverage_lag1,0.005249343832020997,0.0,0.014435695538057743,254
deepseek,all_prior,1,historical_high,records_lag1,0.005249343832020997,0.0,0.014435695538057743,254
deepseek,all_prior,1,historical_high,coverage_lag2,0.007874015748031496,0.0,0.01968503937007874,254
deepseek,all_prior,1,historical_high,records_lag2,0.007874015748031496,0.0,0.01968503937007874,254
deepseek,all_prior,1,historical_high,coverage_lag3,0.011811023622047244,0.0013123359580052493,0.026246719160104983,254
deepseek,all_prior,1,historical_high,records_lag3,0.011811023622047244,0.0013123359580052493,0.026246719160104983,254
deepseek,all_prior,1,historical_high,coverage_lag4,0.005249343832020997,0.0,0.014468503937007696,254
deepseek,all_prior,1,historical_high,records_lag4,0.005249343832020997,0.0,0.014468503937007696,254
deepseek,all_prior,1,historical_high,coverage_lag5,0.006561679790026246,0.0,0.01706036745406824,254
deepseek,all_prior,1,historical_high,records_lag5,0.006561679790026246,0.0,0.01706036745406824,254
deepseek,all_prior,1,historical_low,expected_distinct_records,0.07086614173228346,0.04461942257217847,0.1010498687664042,254
deepseek,all_prior,1,historical_low,identifications_per_mapping,0.07086614173228346,0.04461942257217847,0.1010498687664042,254
deepseek,all_prior,1,historical_low,reused_mapping_fraction,0.0,0.0,0.0,254
deepseek,all_prior,1,historical_low,intermittent_mapping_fraction,0.0,0.0,0.0,254
deepseek,all_prior,1,historical_low,coverage_lag1,0.017060367454068245,0.003937007874015748,0.03412073490813648,254
deepseek,all_prior,1,historical_low,records_lag1,0.017060367454068245,0.003937007874015748,0.03412073490813648,254
deepseek,all_prior,1,historical_low,coverage_lag2,0.023622047244094488,0.009186351706036744,0.03937007874015748,254
deepseek,all_prior,1,historical_low,records_lag2,0.023622047244094488,0.009186351706036744,0.03937007874015748,254
deepseek,all_prior,1,historical_low,coverage_lag3,0.011811023622047242,0.0013123359580052493,0.026246719160104983,254
deepseek,all_prior,1,historical_low,records_lag3,0.011811023622047242,0.0013123359580052493,0.026246719160104983,254
deepseek,all_prior,1,historical_low,coverage_lag4,0.010498687664041995,0.0026246719160104987,0.02099737532808399,254
deepseek,all_prior,1,historical_low,records_lag4,0.010498687664041995,0.0026246719160104987,0.02099737532808399,254
deepseek,all_prior,1,historical_low,coverage_lag5,0.007874015748031496,0.0,0.01968503937007874,254
deepseek,all_prior,1,historical_low,records_lag5,0.007874015748031496,0.0,0.01968503937007874,254
deepseek,all_prior,1,uniform,expected_distinct_records,0.07124301548981772,0.06608109529038732,0.07647387352396676,254
deepseek,all_prior,1,uniform,identifications_per_mapping,0.07403226146126361,0.06851188163279742,0.07956126054724234,254
deepseek,all_prior,1,uniform,reused_mapping_fraction,0.0027892459714458913,0.0020795874232247915,0.0035168970884610446,254
deepseek,all_prior,1,uniform,intermittent_mapping_fraction,0.0015423462116160914,0.001057278607812453,0.002055473854899076,254
deepseek,all_prior,1,uniform,coverage_lag1,0.01562183403940381,0.013917568879384749,0.01753721136719406,254
deepseek,all_prior,1,uniform,records_lag1,0.01562183403940381,0.013917568879384752,0.017537211367194067,254
deepseek,all_prior,1,uniform,coverage_lag2,0.014891356132744,0.012743019411628512,0.017099163786889544,254
deepseek,all_prior,1,uniform,records_lag2,0.014891356132744001,0.01274301941162851,0.01709916378688954,254
deepseek,all_prior,1,uniform,coverage_lag3,0.014969706416181037,0.01306642825892408,0.016951298313818215,254
deepseek,all_prior,1,uniform,records_lag3,0.014969706416181039,0.013066428258924092,0.016951298313818218,254
deepseek,all_prior,1,uniform,coverage_lag4,0.014407182227759437,0.012241557028244462,0.016579134440002474,254
deepseek,all_prior,1,uniform,records_lag4,0.014407182227759437,0.012241557028244462,0.016579134440002474,254
deepseek,all_prior,1,uniform,coverage_lag5,0.01414218264517532,0.012167510569578226,0.016062452029962152,254
deepseek,all_prior,1,uniform,records_lag5,0.01414218264517532,0.012167510569578226,0.016062452029962156,254
deepseek,all_prior,5,historical_high,expected_distinct_records,0.2532808398950131,0.1784776902887139,0.3320209973753281,254
deepseek,all_prior,5,historical_high,identifications_per_mapping,0.05380577427821523,0.03779527559055119,0.07112860892388449,254
deepseek,all_prior,5,historical_high,reused_mapping_fraction,0.003149606299212599,0.0010498687664041995,0.005780839895013088,254
deepseek,all_prior,5,historical_high,intermittent_mapping_fraction,0.001837270341207349,0.00026246719160104987,0.003937007874015748,254
deepseek,all_prior,5,historical_high,coverage_lag1,0.04855643044619422,0.02493438320209974,0.07221128608923867,254
deepseek,all_prior,5,historical_high,records_lag1,0.049868766404199474,0.026246719160104983,0.07480314960629922,254
deepseek,all_prior,5,historical_high,coverage_lag2,0.03018372703412073,0.011811023622047244,0.052493438320209966,254
deepseek,all_prior,5,historical_high,records_lag2,0.047244094488188976,0.011811023622047244,0.08923884514435694,254
deepseek,all_prior,5,historical_high,coverage_lag3,0.056430446194225714,0.03018372703412073,0.08398950131233596,254
deepseek,all_prior,5,historical_high,records_lag3,0.07480314960629922,0.036745406824146974,0.11811023622047244,254
deepseek,all_prior,5,historical_high,coverage_lag4,0.04330708661417323,0.02099737532808399,0.06824146981627296,254
deepseek,all_prior,5,historical_high,records_lag4,0.04461942257217847,0.020997375328083993,0.07086614173228346,254
deepseek,all_prior,5,historical_high,coverage_lag5,0.04461942257217847,0.02230971128608924,0.06955380577427822,254
deepseek,all_prior,5,historical_high,records_lag5,0.052493438320209966,0.024934383202099737,0.08661417322834646,254
deepseek,all_prior,5,historical_low,expected_distinct_records,0.36745406824146976,0.30180446194225713,0.4383202099737534,254
deepseek,all_prior,5,historical_low,identifications_per_mapping,0.07349081364829396,0.06036089238845139,0.08766404199475054,254
deepseek,all_prior,5,historical_low,reused_mapping_fraction,0.0,0.0,0.0,254
deepseek,all_prior,5,historical_low,intermittent_mapping_fraction,0.0,0.0,0.0,254
deepseek,all_prior,5,historical_low,coverage_lag1,0.06299212598425197,0.03543307086614174,0.09186351706036745,254
deepseek,all_prior,5,historical_low,records_lag1,0.07480314960629922,0.04068241469816273,0.11417322834645667,254
deepseek,all_prior,5,historical_low,coverage_lag2,0.08136482939632544,0.05249343832020997,0.11286089238845143,254
deepseek,all_prior,5,historical_low,records_lag2,0.09448818897637795,0.05905511811023623,0.13517060367454067,254
deepseek,all_prior,5,historical_low,coverage_lag3,0.07611548556430446,0.047244094488188976,0.1089238845144357,254
deepseek,all_prior,5,historical_low,records_lag3,0.08005249343832022,0.04986876640419947,0.11417322834645671,254
deepseek,all_prior,5,historical_low,coverage_lag4,0.045931758530183726,0.024934383202099737,0.06824146981627298,254
deepseek,all_prior,5,historical_low,records_lag4,0.05774278215223097,0.028871391076115485,0.0905511811023622,254
deepseek,all_prior,5,historical_low,coverage_lag5,0.04855643044619422,0.026246719160104983,0.07349081364829393,254
deepseek,all_prior,5,historical_low,records_lag5,0.06036745406824147,0.03018372703412073,0.09448818897637797,254
deepseek,all_prior,5,uniform,expected_distinct_records,0.3562150774490886,0.33125321873387437,0.38260161034357004,254
deepseek,all_prior,5,uniform,identifications_per_mapping,0.0740322614612636,0.0688535541045214,0.07971804689573093,254
deepseek,all_prior,5,uniform,reused_mapping_fraction,0.0027892459714458913,0.002126110651699305,0.0035159722499846953,254
deepseek,all_prior,5,uniform,intermittent_mapping_fraction,0.0015423462116160914,0.0010630910051246045,0.002069718878233111,254
deepseek,all_prior,5,uniform,coverage_lag1,0.07490852509227801,0.06675886555943998,0.08390022148807123,254
deepseek,all_prior,5,uniform,records_lag1,0.07810917019701903,0.06930257560052352,0.08784876968782303,254
deepseek,all_prior,5,uniform,coverage_lag2,0.07055795797177124,0.060937782883563066,0.0807478343672764,254
deepseek,all_prior,5,uniform,records_lag2,0.07445678066372,0.06376439012291765,0.08624569350264512,254
deepseek,all_prior,5,uniform,coverage_lag3,0.07143327316101625,0.06289533206506213,0.08055542574643984,254
deepseek,all_prior,5,uniform,records_lag3,0.07484853208090518,0.06543207464992949,0.08487644731095341,254
deepseek,all_prior,5,uniform,coverage_lag4,0.06836964321770184,0.059179943915061387,0.07798243632614363,254
deepseek,all_prior,5,uniform,records_lag4,0.07203591113879719,0.06173535789524512,0.08255919195335022,254
deepseek,all_prior,5,uniform,coverage_lag5,0.06728921010997224,0.0586922645721998,0.07604847078675633,254
deepseek,all_prior,5,uniform,records_lag5,0.07071091322587661,0.061300758745288446,0.08035470200022504,254
deepseek,all_prior,10,historical_high,expected_distinct_records,0.6666666666666666,0.5406824146981629,0.793963254593176,254
deepseek,all_prior,10,historical_high,identifications_per_mapping,0.06994750656167979,0.05643044619422568,0.08307414698162734,254
deepseek,all_prior,10,historical_high,reused_mapping_fraction,0.0032808398950131237,0.0014435695538057743,0.005380577427821523,254
deepseek,all_prior,10,historical_high,intermittent_mapping_fraction,0.002230971128608924,0.0007874015748031497,0.003937007874015748,254
deepseek,all_prior,10,historical_high,coverage_lag1,0.1062992125984252,0.0721784776902887,0.14173228346456693,254
deepseek,all_prior,10,historical_high,records_lag1,0.14041994750656164,0.09055118110236221,0.19291338582677162,254
deepseek,all_prior,10,historical_high,coverage_lag2,0.09711286089238844,0.06430446194225721,0.13385826771653545,254
deepseek,all_prior,10,historical_high,records_lag2,0.14304461942257216,0.08398950131233596,0.21000656167978984,254
deepseek,all_prior,10,historical_high,coverage_lag3,0.11154855643044617,0.07742782152230972,0.14829396325459315,254
deepseek,all_prior,10,historical_high,records_lag3,0.16666666666666666,0.10629921259842523,0.23228346456692917,254
deepseek,all_prior,10,historical_high,coverage_lag4,0.08923884514435694,0.05905511811023621,0.12335958005249342,254
deepseek,all_prior,10,historical_high,records_lag4,0.10236220472440945,0.06561679790026245,0.14435695538057738,254
deepseek,all_prior,10,historical_high,coverage_lag5,0.12335958005249344,0.08923884514435694,0.1627296587926509,254
deepseek,all_prior,10,historical_high,records_lag5,0.14698162729658792,0.10104986876640422,0.19947506561679795,254
deepseek,all_prior,10,historical_low,expected_distinct_records,0.7152230971128608,0.6076115485564304,0.8241469816272967,254
deepseek,all_prior,10,historical_low,identifications_per_mapping,0.07165354330708662,0.061020341207348984,0.08254593175853017,254
deepseek,all_prior,10,historical_low,reused_mapping_fraction,0.00013123359580052493,0.0,0.00039370078740157485,254
deepseek,all_prior,10,historical_low,intermittent_mapping_fraction,0.0,0.0,0.0,254
deepseek,all_prior,10,historical_low,coverage_lag1,0.1089238845144357,0.07611548556430445,0.1469816272965879,254
deepseek,all_prior,10,historical_low,records_lag1,0.12467191601049868,0.08398950131233594,0.1706036745406824,254
deepseek,all_prior,10,historical_low,coverage_lag2,0.12073490813648292,0.08526902887139105,0.1601049868766404,254
deepseek,all_prior,10,historical_low,records_lag2,0.1601049868766404,0.10889107611548553,0.22047244094488191,254
deepseek,all_prior,10,historical_low,coverage_lag3,0.1312335958005249,0.0958005249343832,0.16932414698162723,254
deepseek,all_prior,10,historical_low,records_lag3,0.1443569553805774,0.10498687664041996,0.18897637795275593,254
deepseek,all_prior,10,historical_low,coverage_lag4,0.12073490813648292,0.08530183727034121,0.15879265091863512,254
deepseek,all_prior,10,historical_low,records_lag4,0.14304461942257216,0.09973753280839895,0.19028871391076116,254
deepseek,all_prior,10,historical_low,coverage_lag5,0.11548556430446194,0.08136482939632544,0.15485564304461938,254
deepseek,all_prior,10,historical_low,records_lag5,0.1443569553805774,0.09580052493438321,0.19553805774278216,254
deepseek,all_prior,10,uniform,expected_distinct_records,0.7124301548981772,0.6625269602018946,0.7678060075980963,254
deepseek,all_prior,10,uniform,identifications_per_mapping,0.0740322614612636,0.06858426711718557,0.08002299888991608,254
deepseek,all_prior,10,uniform,reused_mapping_fraction,0.0027892459714458913,0.0021547910520098006,0.0035254656112176657,254
deepseek,all_prior,10,uniform,intermittent_mapping_fraction,0.0015423462116160914,0.001077215527210595,0.002067982201638188,254
deepseek,all_prior,10,uniform,coverage_lag1,0.1423865102428937,0.12719096090199328,0.15751723727425704,254
deepseek,all_prior,10,uniform,records_lag1,0.15621834039403806,0.1382279535777267,0.17381833396902,254
deepseek,all_prior,10,uniform,coverage_lag2,0.13247528625682886,0.11502702781901612,0.14907748272341656,254
deepseek,all_prior,10,uniform,records_lag2,0.14891356132744,0.1272862240510166,0.17099311604735967,254
deepseek,all_prior,10,uniform,coverage_lag3,0.13515841996706277,0.11902256507685689,0.15169501805466726,254
deepseek,all_prior,10,uniform,records_lag3,0.14969706416181036,0.12995960427837086,0.17070439763234213,254
deepseek,all_prior,10,uniform,coverage_lag4,0.1285708277023461,0.11230005322536292,0.14690443408905496,254
deepseek,all_prior,10,uniform,records_lag4,0.14407182227759438,0.1235425826976542,0.166802851656521,254
deepseek,all_prior,10,uniform,coverage_lag5,0.12681605771955878,0.11095112506850478,0.14436864780437045,254
deepseek,all_prior,10,uniform,records_lag5,0.14142182645175322,0.12200958863019315,0.16330365780026915,254
deepseek,initial_only,1,historical_high,expected_distinct_records,0.031496062992125984,0.011811023622047244,0.053805774278215215,254
deepseek,initial_only,1,historical_high,identifications_per_mapping,0.036745406824146974,0.014435695538057743,0.06299212598425197,254
deepseek,initial_only,1,historical_high,reused_mapping_fraction,0.005249343832020997,0.0,0.014435695538057743,254
deepseek,initial_only,1,historical_high,intermittent_mapping_fraction,0.0013123359580052493,0.0,0.003937007874015748,254
deepseek,initial_only,1,historical_high,coverage_lag1,0.005249343832020997,0.0,0.014468503937007696,254
deepseek,initial_only,1,historical_high,records_lag1,0.005249343832020997,0.0,0.014468503937007696,254
deepseek,initial_only,1,historical_high,coverage_lag2,0.007874015748031496,0.0,0.01968503937007874,254
deepseek,initial_only,1,historical_high,records_lag2,0.007874015748031496,0.0,0.01968503937007874,254
deepseek,initial_only,1,historical_high,coverage_lag3,0.011811023622047244,0.0013123359580052493,0.024934383202099737,254
deepseek,initial_only,1,historical_high,records_lag3,0.011811023622047244,0.0013123359580052493,0.024934383202099737,254
deepseek,initial_only,1,historical_high,coverage_lag4,0.005249343832020997,0.0,0.014435695538057744,254
deepseek,initial_only,1,historical_high,records_lag4,0.005249343832020997,0.0,0.014435695538057744,254
deepseek,initial_only,1,historical_high,coverage_lag5,0.006561679790026246,0.0,0.01706036745406824,254
deepseek,initial_only,1,historical_high,records_lag5,0.006561679790026246,0.0,0.01706036745406824,254
deepseek,initial_only,1,historical_low,expected_distinct_records,0.07086614173228346,0.04593175853018372,0.09973753280839896,254
deepseek,initial_only,1,historical_low,identifications_per_mapping,0.07086614173228346,0.04593175853018372,0.09973753280839896,254
deepseek,initial_only,1,historical_low,reused_mapping_fraction,0.0,0.0,0.0,254
deepseek,initial_only,1,historical_low,intermittent_mapping_fraction,0.0,0.0,0.0,254
deepseek,initial_only,1,historical_low,coverage_lag1,0.017060367454068245,0.003937007874015748,0.03280839895013123,254
deepseek,initial_only,1,historical_low,records_lag1,0.017060367454068245,0.003937007874015748,0.03280839895013123,254
deepseek,initial_only,1,historical_low,coverage_lag2,0.023622047244094488,0.010498687664041995,0.04068241469816273,254
deepseek,initial_only,1,historical_low,records_lag2,0.023622047244094488,0.010498687664041995,0.04068241469816273,254
deepseek,initial_only,1,historical_low,coverage_lag3,0.011811023622047242,0.0013123359580052493,0.024934383202099737,254
deepseek,initial_only,1,historical_low,records_lag3,0.011811023622047242,0.0013123359580052493,0.024934383202099737,254
deepseek,initial_only,1,historical_low,coverage_lag4,0.010498687664041995,0.0026246719160104987,0.02099737532808399,254
deepseek,initial_only,1,historical_low,records_lag4,0.010498687664041995,0.0026246719160104987,0.02099737532808399,254
deepseek,initial_only,1,historical_low,coverage_lag5,0.007874015748031496,0.0,0.01968503937007874,254
deepseek,initial_only,1,historical_low,records_lag5,0.007874015748031496,0.0,0.01968503937007874,254
deepseek,initial_only,1,uniform,expected_distinct_records,0.07204295010038307,0.0669255330805454,0.07746507787832814,254
deepseek,initial_only,1,uniform,identifications_per_mapping,0.07885986463231899,0.07315468388920951,0.08486525067879473,254
deepseek,initial_only,1,uniform,reused_mapping_fraction,0.006217503853308234,0.005156916899856535,0.007273964832025456,254
deepseek,initial_only,1,uniform,intermittent_mapping_fraction,0.003129624868520256,0.0024051645089060913,0.00391884990683941,254
deepseek,initial_only,1,uniform,coverage_lag1,0.01562183403940381,0.013791020914733224,0.017431960813069868,254
deepseek,initial_only,1,uniform,records_lag1,0.01562183403940381,0.01379102091473322,0.017431960813069865,254
deepseek,initial_only,1,uniform,coverage_lag2,0.01567547092110006,0.013625689655472414,0.017987380292804157,254
deepseek,initial_only,1,uniform,records_lag2,0.015675470921100065,0.013625689655472418,0.01798738029280416,254
deepseek,initial_only,1,uniform,coverage_lag3,0.015759099676749357,0.01392832452281353,0.017723165742407693,254
deepseek,initial_only,1,uniform,records_lag3,0.015759099676749357,0.01392832452281353,0.017723165742407697,254
deepseek,initial_only,1,uniform,coverage_lag4,0.015778591319785297,0.01375821797161203,0.0180693541754808,254
deepseek,initial_only,1,uniform,records_lag4,0.015778591319785297,0.013758217971612027,0.0180693541754808,254
deepseek,initial_only,1,uniform,coverage_lag5,0.016024868675280454,0.014036131519529049,0.018087866582872023,254
deepseek,initial_only,1,uniform,records_lag5,0.01602486867528045,0.014036131519529047,0.018087866582872023,254
deepseek,initial_only,5,historical_high,expected_distinct_records,0.2611548556430446,0.18503937007874016,0.3504265091863515,254
deepseek,initial_only,5,historical_high,identifications_per_mapping,0.05905511811023623,0.041207349081364836,0.07952755905511809,254
deepseek,initial_only,5,historical_high,reused_mapping_fraction,0.004986876640419948,0.002099737532808399,0.008398950131233596,254
deepseek,initial_only,5,historical_high,intermittent_mapping_fraction,0.0036745406824146985,0.0010498687664041997,0.006561679790026247,254
deepseek,initial_only,5,historical_high,coverage_lag1,0.04855643044619422,0.02493438320209974,0.07480314960629922,254
deepseek,initial_only,5,historical_high,records_lag1,0.049868766404199474,0.026246719160104983,0.0774278215223097,254
deepseek,initial_only,5,historical_high,coverage_lag2,0.03543307086614173,0.015748031496062992,0.05777559055118093,254
deepseek,initial_only,5,historical_high,records_lag2,0.052493438320209966,0.018372703412073487,0.09452099737532792,254
deepseek,initial_only,5,historical_high,coverage_lag3,0.056430446194225714,0.031496062992125984,0.0853018372703412,254
deepseek,initial_only,5,historical_high,records_lag3,0.07480314960629922,0.03674540682414698,0.12204724409448821,254
deepseek,initial_only,5,historical_high,coverage_lag4,0.05380577427821522,0.03018372703412073,0.08136482939632544,254
deepseek,initial_only,5,historical_high,records_lag4,0.055118110236220465,0.030183727034120734,0.08398950131233596,254
deepseek,initial_only,5,historical_high,coverage_lag5,0.05511811023622047,0.028871391076115485,0.08267716535433071,254
deepseek,initial_only,5,historical_high,records_lag5,0.06299212598425197,0.030183727034120734,0.0984251968503937,254
deepseek,initial_only,5,historical_low,expected_distinct_records,0.3727034120734908,0.3031496062992126,0.44753937007873995,254
deepseek,initial_only,5,historical_low,identifications_per_mapping,0.07926509186351706,0.06430446194225715,0.09606299212598411,254
deepseek,initial_only,5,historical_low,reused_mapping_fraction,0.003937007874015749,0.0010498687664041997,0.007611548556430446,254
deepseek,initial_only,5,historical_low,intermittent_mapping_fraction,0.0023622047244094492,0.0,0.005511811023622048,254
deepseek,initial_only,5,historical_low,coverage_lag1,0.06299212598425197,0.036745406824146974,0.09448818897637792,254
deepseek,initial_only,5,historical_low,records_lag1,0.07480314960629922,0.043274278215223096,0.11417322834645668,254
deepseek,initial_only,5,historical_low,coverage_lag2,0.08136482939632544,0.05377296587926508,0.11286089238845143,254
deepseek,initial_only,5,historical_low,records_lag2,0.09448818897637795,0.05905511811023622,0.13389107611548542,254
deepseek,initial_only,5,historical_low,coverage_lag3,0.0853018372703412,0.055118110236220465,0.11811023622047244,254
deepseek,initial_only,5,historical_low,records_lag3,0.0931758530183727,0.05774278215223097,0.1312335958005249,254
deepseek,initial_only,5,historical_low,coverage_lag4,0.05380577427821522,0.031496062992125984,0.07874015748031496,254
deepseek,initial_only,5,historical_low,records_lag4,0.06561679790026245,0.038057742782152224,0.09973753280839895,254
deepseek,initial_only,5,historical_low,coverage_lag5,0.056430446194225714,0.030183727034120734,0.0853018372703412,254
deepseek,initial_only,5,historical_low,records_lag5,0.06824146981627298,0.03543307086614173,0.10498687664041995,254
deepseek,initial_only,5,uniform,expected_distinct_records,0.36021475050191526,0.3352495494312958,0.3871930666779495,254
deepseek,initial_only,5,uniform,identifications_per_mapping,0.07885986463231899,0.07317107924512285,0.08509477933580896,254
deepseek,initial_only,5,uniform,reused_mapping_fraction,0.006217503853308234,0.005161951545920615,0.007281117950560816,254
deepseek,initial_only,5,uniform,intermittent_mapping_fraction,0.0031296248685202563,0.002366217943724676,0.0039554556467462434,254
deepseek,initial_only,5,uniform,coverage_lag1,0.07490852509227801,0.0661630944076915,0.08380342755290826,254
deepseek,initial_only,5,uniform,records_lag1,0.07810917019701903,0.06869307354026835,0.08771445160865973,254
deepseek,initial_only,5,uniform,coverage_lag2,0.0742796853592576,0.06506089279583385,0.08450312063193582,254
deepseek,initial_only,5,uniform,records_lag2,0.0783773546055003,0.06815249175292022,0.08978582398590505,254
deepseek,initial_only,5,uniform,coverage_lag3,0.07519673637662168,0.06637158877196735,0.08381058890720192,254
deepseek,initial_only,5,uniform,records_lag3,0.07879549838374679,0.06901930970866071,0.08828497459329324,254
deepseek,initial_only,5,uniform,coverage_lag4,0.07478836399999432,0.06523334093425574,0.08475817071448492,254
deepseek,initial_only,5,uniform,records_lag4,0.07889295659892649,0.06837630661315434,0.09014642759228673,254
deepseek,initial_only,5,uniform,coverage_lag5,0.07620177935395044,0.06682655635538351,0.08579805615919743,254
deepseek,initial_only,5,uniform,records_lag5,0.08012434337640227,0.06988394273382856,0.0907050738946798,254
deepseek,initial_only,10,historical_high,expected_distinct_records,0.6889763779527559,0.5629593175853016,0.8294619422572175,254
deepseek,initial_only,10,historical_high,identifications_per_mapping,0.07716535433070866,0.06272965879265086,0.0937007874015748,254
deepseek,initial_only,10,historical_high,reused_mapping_fraction,0.007217847769028872,0.004196194225721785,0.0110236220472441,254
deepseek,initial_only,10,historical_high,intermittent_mapping_fraction,0.0045931758530183735,0.0022309711286089243,0.007611548556430447,254
deepseek,initial_only,10,historical_high,coverage_lag1,0.1062992125984252,0.07349081364829395,0.14304461942257218,254
deepseek,initial_only,10,historical_high,records_lag1,0.14041994750656164,0.09448818897637794,0.1968503937007874,254
deepseek,initial_only,10,historical_high,coverage_lag2,0.10761154855643044,0.0721784776902887,0.14566929133858267,254
deepseek,initial_only,10,historical_high,records_lag2,0.15354330708661418,0.0931758530183727,0.2218175853018371,254
deepseek,initial_only,10,historical_high,coverage_lag3,0.11154855643044617,0.07742782152230972,0.14829396325459315,254
deepseek,initial_only,10,historical_high,records_lag3,0.16666666666666666,0.10629921259842522,0.23625328083989483,254
deepseek,initial_only,10,historical_high,coverage_lag4,0.10367454068241469,0.07083333333333332,0.1404199475065617,254
deepseek,initial_only,10,historical_high,records_lag4,0.13254593175853016,0.08530183727034121,0.19160104986876636,254
deepseek,initial_only,10,historical_high,coverage_lag5,0.14829396325459315,0.10761154855643044,0.19291338582677164,254
deepseek,initial_only,10,historical_high,records_lag5,0.17847769028871388,0.12857611548556427,0.24015748031496062,254
deepseek,initial_only,10,historical_low,expected_distinct_records,0.7230971128608924,0.6233595800524935,0.8320209973753283,254
deepseek,initial_only,10,historical_low,identifications_per_mapping,0.07519685039370079,0.06430118110236212,0.08700787401574801,254
deepseek,initial_only,10,historical_low,reused_mapping_fraction,0.002493438320209974,0.0007874015748031498,0.004461942257217849,254
deepseek,initial_only,10,historical_low,intermittent_mapping_fraction,0.0011811023622047246,0.0,0.002755905511811024,254
deepseek,initial_only,10,historical_low,coverage_lag1,0.1089238845144357,0.07480314960629922,0.14829396325459313,254
deepseek,initial_only,10,historical_low,records_lag1,0.12467191601049868,0.0826771653543307,0.1692913385826772,254
deepseek,initial_only,10,historical_low,coverage_lag2,0.12073490813648292,0.08661417322834643,0.15879265091863518,254
deepseek,initial_only,10,historical_low,records_lag2,0.1601049868766404,0.11023622047244094,0.2178477690288714,254
deepseek,initial_only,10,historical_low,coverage_lag3,0.14041994750656164,0.10495406824146977,0.1784776902887139,254
deepseek,initial_only,10,historical_low,records_lag3,0.15748031496062992,0.11679790026246717,0.20209973753280838,254
deepseek,initial_only,10,historical_low,coverage_lag4,0.13254593175853016,0.09576771653543305,0.17191601049868765,254
deepseek,initial_only,10,historical_low,records_lag4,0.15748031496062992,0.10892388451443571,0.20869422572178462,254
deepseek,initial_only,10,historical_low,coverage_lag5,0.12335958005249344,0.08792650918635171,0.16272965879265092,254
deepseek,initial_only,10,historical_low,records_lag5,0.15223097112860892,0.1062992125984252,0.2060367454068241,254
deepseek,initial_only,10,uniform,expected_distinct_records,0.7204295010038305,0.6677537118124998,0.7755244369680674,254
deepseek,initial_only,10,uniform,identifications_per_mapping,0.07885986463231899,0.07319622614788109,0.08490341963406108,254
deepseek,initial_only,10,uniform,reused_mapping_fraction,0.006217503853308234,0.005211558625055519,0.0073363148680159205,254
deepseek,initial_only,10,uniform,intermittent_mapping_fraction,0.0031296248685202563,0.002453265217038838,0.0038917072124480595,254
deepseek,initial_only,10,uniform,coverage_lag1,0.1423865102428937,0.12753787590951202,0.1580477234679897,254
deepseek,initial_only,10,uniform,records_lag1,0.15621834039403806,0.13877379351399163,0.17487855855805257,254
deepseek,initial_only,10,uniform,coverage_lag2,0.1394552198760807,0.12266555707686098,0.1579367979813946,254
deepseek,initial_only,10,uniform,records_lag2,0.1567547092110006,0.1354416059155565,0.18053228360852036,254
deepseek,initial_only,10,uniform,coverage_lag3,0.14224973133196053,0.12713354053121198,0.15781362080471067,254
deepseek,initial_only,10,uniform,records_lag3,0.15759099676749358,0.13892526049341358,0.17710668506915095,254
deepseek,initial_only,10,uniform,coverage_lag4,0.1404286649326125,0.12421743624726433,0.1579018490755643,254
deepseek,initial_only,10,uniform,records_lag4,0.15778591319785298,0.13705102376661207,0.18052534622446118,254
deepseek,initial_only,10,uniform,coverage_lag5,0.14348116306745767,0.1262073794152079,0.16030270206682454,254
deepseek,initial_only,10,uniform,records_lag5,0.16024868675280454,0.1391189029594271,0.18115667516151665,254
minilm,all_prior,1,historical_high,expected_distinct_records,0.06692913385826772,0.03937007874015748,0.0984251968503937,254
minilm,all_prior,1,historical_high,identifications_per_mapping,0.06692913385826772,0.03937007874015748,0.0984251968503937,254
minilm,all_prior,1,historical_high,reused_mapping_fraction,0.0,0.0,0.0,254
minilm,all_prior,1,historical_high,intermittent_mapping_fraction,0.0,0.0,0.0,254
minilm,all_prior,1,historical_high,coverage_lag1,0.007874015748031496,0.0,0.01968503937007874,254
minilm,all_prior,1,historical_high,records_lag1,0.007874015748031496,0.0,0.01968503937007874,254
minilm,all_prior,1,historical_high,coverage_lag2,0.007874015748031496,0.0,0.01968503937007874,254
minilm,all_prior,1,historical_high,records_lag2,0.007874015748031496,0.0,0.01968503937007874,254
minilm,all_prior,1,historical_high,coverage_lag3,0.007874015748031496,0.0,0.01968503937007874,254
minilm,all_prior,1,historical_high,records_lag3,0.007874015748031496,0.0,0.01968503937007874,254
minilm,all_prior,1,historical_high,coverage_lag4,0.01968503937007874,0.003937007874015748,0.03937007874015748,254
minilm,all_prior,1,historical_high,records_lag4,0.01968503937007874,0.003937007874015748,0.03937007874015748,254
minilm,all_prior,1,historical_high,coverage_lag5,0.023622047244094488,0.007874015748031496,0.04330708661417323,254
minilm,all_prior,1,historical_high,records_lag5,0.023622047244094488,0.007874015748031496,0.04330708661417323,254
minilm,all_prior,1,historical_low,expected_distinct_records,0.10236220472440945,0.06692913385826772,0.14173228346456693,254
minilm,all_prior,1,historical_low,identifications_per_mapping,0.1141732283464567,0.07086614173228346,0.16141732283464566,254
minilm,all_prior,1,historical_low,reused_mapping_fraction,0.011811023622047244,0.0,0.027559055118110236,254
minilm,all_prior,1,historical_low,intermittent_mapping_fraction,0.003937007874015748,0.0,0.011811023622047244,254
minilm,all_prior,1,historical_low,coverage_lag1,0.01968503937007874,0.003937007874015748,0.03937007874015748,254
minilm,all_prior,1,historical_low,records_lag1,0.01968503937007874,0.003937007874015748,0.03937007874015748,254
minilm,all_prior,1,historical_low,coverage_lag2,0.023622047244094488,0.007874015748031496,0.04330708661417323,254
minilm,all_prior,1,historical_low,records_lag2,0.023622047244094488,0.007874015748031496,0.04330708661417323,254
minilm,all_prior,1,historical_low,coverage_lag3,0.023622047244094488,0.007874015748031496,0.04330708661417323,254
minilm,all_prior,1,historical_low,records_lag3,0.023622047244094488,0.007874015748031496,0.04330708661417323,254
minilm,all_prior,1,historical_low,coverage_lag4,0.031496062992125984,0.011811023622047244,0.05511811023622047,254
minilm,all_prior,1,historical_low,records_lag4,0.031496062992125984,0.011811023622047244,0.05511811023622047,254
minilm,all_prior,1,historical_low,coverage_lag5,0.015748031496062992,0.003937007874015748,0.031496062992125984,254
minilm,all_prior,1,historical_low,records_lag5,0.015748031496062992,0.003937007874015748,0.031496062992125984,254
minilm,all_prior,1,uniform,expected_distinct_records,0.09799565688355903,0.09226929632723299,0.10382628715803915,254
minilm,all_prior,1,uniform,identifications_per_mapping,0.1036817562865518,0.09729400033941382,0.11020884124282719,254
minilm,all_prior,1,uniform,reused_mapping_fraction,0.005418908552817258,0.00444146456593402,0.006407444320697754,254
minilm,all_prior,1,uniform,intermittent_mapping_fraction,0.0027878531026666042,0.0021085877492209885,0.0034653685225962128,254
minilm,all_prior,1,uniform,coverage_lag1,0.01950436675443841,0.01759190484122399,0.02144361226599607,254
minilm,all_prior,1,uniform,records_lag1,0.019504366754438413,0.01759190484122399,0.021443612265996066,254
minilm,all_prior,1,uniform,coverage_lag2,0.021000778900883314,0.01880061051576535,0.0232662493630038,254
minilm,all_prior,1,uniform,records_lag2,0.021000778900883314,0.018800610515765363,0.02326624936300381,254
minilm,all_prior,1,uniform,coverage_lag3,0.02129114988038189,0.01919610762175102,0.023417828620663918,254
minilm,all_prior,1,uniform,records_lag3,0.02129114988038189,0.019196107621751023,0.023417828620663904,254
minilm,all_prior,1,uniform,coverage_lag4,0.01949536285891163,0.017457752211985617,0.021690401525185938,254
minilm,all_prior,1,uniform,records_lag4,0.01949536285891163,0.01745775221198561,0.02169040152518596,254
minilm,all_prior,1,uniform,coverage_lag5,0.022390097891936554,0.020083131562035783,0.02481514794632375,254
minilm,all_prior,1,uniform,records_lag5,0.022390097891936554,0.020083131562035783,0.024815147946323772,254
minilm,all_prior,5,historical_high,expected_distinct_records,0.3779527559055118,0.28346456692913385,0.484251968503937,254
minilm,all_prior,5,historical_high,identifications_per_mapping,0.07952755905511812,0.05982283464566925,0.10159448818897625,254
minilm,all_prior,5,historical_high,reused_mapping_fraction,0.003937007874015748,0.0007874015748031497,0.007874015748031496,254
minilm,all_prior,5,historical_high,intermittent_mapping_fraction,0.0023622047244094492,0.0,0.005511811023622047,254
minilm,all_prior,5,historical_high,coverage_lag1,0.03937007874015748,0.01968503937007874,0.06692913385826772,254
minilm,all_prior,5,historical_high,records_lag1,0.06299212598425197,0.023622047244094488,0.1141732283464567,254
minilm,all_prior,5,historical_high,coverage_lag2,0.05511811023622047,0.031496062992125984,0.08267716535433071,254
minilm,all_prior,5,historical_high,records_lag2,0.06692913385826772,0.031496062992125984,0.11023622047244094,254
minilm,all_prior,5,historical_high,coverage_lag3,0.03937007874015748,0.015748031496062992,0.06299212598425197,254
minilm,all_prior,5,historical_high,records_lag3,0.05905511811023622,0.023622047244094488,0.0984251968503937,254
minilm,all_prior,5,historical_high,coverage_lag4,0.07874015748031496,0.047244094488188976,0.1141732283464567,254
minilm,all_prior,5,historical_high,records_lag4,0.0984251968503937,0.05511811023622047,0.14566929133858267,254
minilm,all_prior,5,historical_high,coverage_lag5,0.08267716535433071,0.051181102362204724,0.11811023622047244,254
minilm,all_prior,5,historical_high,records_lag5,0.11023622047244094,0.06299212598425197,0.16535433070866143,254
minilm,all_prior,5,historical_low,expected_distinct_records,0.47244094488188976,0.3858267716535433,0.5669291338582677,254
minilm,all_prior,5,historical_low,identifications_per_mapping,0.10236220472440945,0.08346456692913376,0.12440944881889741,254
minilm,all_prior,5,historical_low,reused_mapping_fraction,0.007874015748031496,0.003149606299212599,0.013385826771653547,254
minilm,all_prior,5,historical_low,intermittent_mapping_fraction,0.0047244094488188984,0.0015748031496062994,0.008661417322834644,254
minilm,all_prior,5,historical_low,coverage_lag1,0.07480314960629922,0.04330708661417323,0.11023622047244094,254
minilm,all_prior,5,historical_low,records_lag1,0.07874015748031496,0.047244094488188976,0.1141732283464567,254
minilm,all_prior,5,historical_low,coverage_lag2,0.051181102362204724,0.023622047244094488,0.07874015748031496,254
minilm,all_prior,5,historical_low,records_lag2,0.06692913385826772,0.031496062992125984,0.1062992125984252,254
minilm,all_prior,5,historical_low,coverage_lag3,0.12598425196850394,0.08661417322834646,0.16929133858267717,254
minilm,all_prior,5,historical_low,records_lag3,0.14566929133858267,0.0984251968503937,0.20078740157480315,254
minilm,all_prior,5,historical_low,coverage_lag4,0.08267716535433071,0.051181102362204724,0.11811023622047244,254
minilm,all_prior,5,historical_low,records_lag4,0.09448818897637795,0.05511811023622047,0.1377952755905512,254
minilm,all_prior,5,historical_low,coverage_lag5,0.12598425196850394,0.08661417322834646,0.16929133858267717,254
minilm,all_prior,5,historical_low,records_lag5,0.12598425196850394,0.08661417322834646,0.16929133858267717,254
minilm,all_prior,5,uniform,expected_distinct_records,0.4899782844177951,0.46191302527596567,0.5192594432833523,254
minilm,all_prior,5,uniform,identifications_per_mapping,0.1036817562865518,0.0973652308714278,0.1102311529694492,254
minilm,all_prior,5,uniform,reused_mapping_fraction,0.005418908552817258,0.004459419788959277,0.006502142092450892,254
minilm,all_prior,5,uniform,intermittent_mapping_fraction,0.0027878531026666042,0.0021614816396892636,0.0034973460400824887,254
minilm,all_prior,5,uniform,coverage_lag1,0.09283361666950336,0.08458409907413535,0.10169080940127141,254
minilm,all_prior,5,uniform,records_lag1,0.09752183377219206,0.08834697772471481,0.10734994598814855,254
minilm,all_prior,5,uniform,coverage_lag2,0.09909831690597877,0.08867615686520304,0.10940057777761113,254
minilm,all_prior,5,uniform,records_lag2,0.10500389450441656,0.09346001435326903,0.11630988179031726,254
minilm,all_prior,5,uniform,coverage_lag3,0.10051287478539,0.09056933793127223,0.11017984299241881,254
minilm,all_prior,5,uniform,records_lag3,0.10645574940190947,0.09540933624057232,0.11747336495193562,254
minilm,all_prior,5,uniform,coverage_lag4,0.09229374121585537,0.0828781789587906,0.10220744363024348,254
minilm,all_prior,5,uniform,records_lag4,0.09747681429455816,0.08693127597697062,0.10857327659498511,254
minilm,all_prior,5,uniform,coverage_lag5,0.10513323546822047,0.0947394500104924,0.11568121227033273,254
minilm,all_prior,5,uniform,records_lag5,0.11195048945968276,0.10039977679340649,0.12365808910696424,254
minilm,all_prior,10,historical_high,expected_distinct_records,0.8740157480314961,0.7401574803149606,1.0275590551181102,254
minilm,all_prior,10,historical_high,identifications_per_mapping,0.09094488188976378,0.0771653543307086,0.10669291338582687,254
minilm,all_prior,10,historical_high,reused_mapping_fraction,0.0035433070866141736,0.0011811023622047246,0.0062992125984251985,254
minilm,all_prior,10,historical_high,intermittent_mapping_fraction,0.0023622047244094492,0.00039370078740157485,0.004724409448818898,254
minilm,all_prior,10,historical_high,coverage_lag1,0.11023622047244094,0.07480314960629922,0.14960629921259844,254
minilm,all_prior,10,historical_high,records_lag1,0.14960629921259844,0.09055118110236221,0.216633858267716,254
minilm,all_prior,10,historical_high,coverage_lag2,0.13385826771653545,0.09055118110236221,0.17716535433070865,254
minilm,all_prior,10,historical_high,records_lag2,0.15748031496062992,0.1062992125984252,0.2204724409448819,254
minilm,all_prior,10,historical_high,coverage_lag3,0.11811023622047244,0.08267716535433071,0.15748031496062992,254
minilm,all_prior,10,historical_high,records_lag3,0.16141732283464566,0.10236220472440945,0.23622047244094488,254
minilm,all_prior,10,historical_high,coverage_lag4,0.15354330708661418,0.11023622047244094,0.20078740157480315,254
minilm,all_prior,10,historical_high,records_lag4,0.18503937007874016,0.12992125984251968,0.2440944881889764,254
minilm,all_prior,10,historical_high,coverage_lag5,0.18503937007874016,0.1377952755905512,0.23228346456692914,254
minilm,all_prior,10,historical_high,records_lag5,0.2559055118110236,0.18100393700787404,0.33858267716535434,254
minilm,all_prior,10,historical_low,expected_distinct_records,0.9409448818897638,0.8188976377952756,1.063090551181102,254
minilm,all_prior,10,historical_low,identifications_per_mapping,0.09960629921259843,0.08661417322834648,0.11260826771653551,254
minilm,all_prior,10,historical_low,reused_mapping_fraction,0.005511811023622047,0.003149606299212598,0.008267716535433072,254
minilm,all_prior,10,historical_low,intermittent_mapping_fraction,0.0027559055118110236,0.0011811023622047246,0.004724409448818898,254
minilm,all_prior,10,historical_low,coverage_lag1,0.14566929133858267,0.10236220472440945,0.1889763779527559,254
minilm,all_prior,10,historical_low,records_lag1,0.16929133858267717,0.11811023622047244,0.22440944881889763,254
minilm,all_prior,10,historical_low,coverage_lag2,0.12598425196850394,0.08661417322834646,0.16929133858267717,254
minilm,all_prior,10,historical_low,records_lag2,0.14960629921259844,0.0984251968503937,0.20078740157480315,254
minilm,all_prior,10,historical_low,coverage_lag3,0.18110236220472442,0.1377952755905512,0.2283464566929134,254
minilm,all_prior,10,historical_low,records_lag3,0.23622047244094488,0.17312992125984253,0.30708661417322836,254
minilm,all_prior,10,historical_low,coverage_lag4,0.16141732283464566,0.11811023622047244,0.20866141732283464,254
minilm,all_prior,10,historical_low,records_lag4,0.19291338582677164,0.1376968503937008,0.2559055118110236,254
minilm,all_prior,10,historical_low,coverage_lag5,0.20078740157480315,0.15354330708661418,0.25196850393700787,254
minilm,all_prior,10,historical_low,records_lag5,0.24803149606299213,0.18503937007874016,0.31496062992125984,254
minilm,all_prior,10,uniform,expected_distinct_records,0.9799565688355902,0.9247427418985619,1.038058649026801,254
minilm,all_prior,10,uniform,identifications_per_mapping,0.1036817562865518,0.09751094238998229,0.11019329130728255,254
minilm,all_prior,10,uniform,reused_mapping_fraction,0.005418908552817258,0.0044718508381920005,0.006437823931144232,254
minilm,all_prior,10,uniform,intermittent_mapping_fraction,0.0027878531026666042,0.0021735797182574966,0.00351373063776208,254
minilm,all_prior,10,uniform,coverage_lag1,0.17494847232965652,0.15988127791240314,0.19120673076912667,254
minilm,all_prior,10,uniform,records_lag1,0.19504366754438413,0.1762896843801285,0.215208357194908,254
minilm,all_prior,10,uniform,coverage_lag2,0.18485098167512323,0.16750056195014434,0.2025761207632096,254
minilm,all_prior,10,uniform,records_lag2,0.21000778900883313,0.18860733529259463,0.2328140507543327,254
minilm,all_prior,10,uniform,coverage_lag3,0.1876913947410618,0.17068922491424643,0.20508362702367786,254
minilm,all_prior,10,uniform,records_lag3,0.21291149880381893,0.19105718617190867,0.23525029049824248,254
minilm,all_prior,10,uniform,coverage_lag4,0.17286260331143266,0.15594786593725213,0.19031345233217992,254
minilm,all_prior,10,uniform,records_lag4,0.19495362858911633,0.1737685519704087,0.21722354634782703,254
minilm,all_prior,10,uniform,coverage_lag5,0.19504734016161865,0.17675244277822236,0.21372206827497356,254
minilm,all_prior,10,uniform,records_lag5,0.22390097891936553,0.20113058262845765,0.24881812267246334,254
minilm,initial_only,1,historical_high,expected_distinct_records,0.06692913385826772,0.03937007874015748,0.0984251968503937,254
minilm,initial_only,1,historical_high,identifications_per_mapping,0.06692913385826772,0.03937007874015748,0.0984251968503937,254
minilm,initial_only,1,historical_high,reused_mapping_fraction,0.0,0.0,0.0,254
minilm,initial_only,1,historical_high,intermittent_mapping_fraction,0.0,0.0,0.0,254
minilm,initial_only,1,historical_high,coverage_lag1,0.007874015748031496,0.0,0.01968503937007874,254
minilm,initial_only,1,historical_high,records_lag1,0.007874015748031496,0.0,0.01968503937007874,254
minilm,initial_only,1,historical_high,coverage_lag2,0.007874015748031496,0.0,0.01968503937007874,254
minilm,initial_only,1,historical_high,records_lag2,0.007874015748031496,0.0,0.01968503937007874,254
minilm,initial_only,1,historical_high,coverage_lag3,0.007874015748031496,0.0,0.01968503937007874,254
minilm,initial_only,1,historical_high,records_lag3,0.007874015748031496,0.0,0.01968503937007874,254
minilm,initial_only,1,historical_high,coverage_lag4,0.01968503937007874,0.003937007874015748,0.03543307086614173,254
minilm,initial_only,1,historical_high,records_lag4,0.01968503937007874,0.003937007874015748,0.03543307086614173,254
minilm,initial_only,1,historical_high,coverage_lag5,0.023622047244094488,0.007874015748031496,0.04330708661417323,254
minilm,initial_only,1,historical_high,records_lag5,0.023622047244094488,0.007874015748031496,0.04330708661417323,254
minilm,initial_only,1,historical_low,expected_distinct_records,0.10236220472440945,0.06692913385826772,0.14173228346456693,254
minilm,initial_only,1,historical_low,identifications_per_mapping,0.11811023622047244,0.07480314960629922,0.16535433070866143,254
minilm,initial_only,1,historical_low,reused_mapping_fraction,0.015748031496062992,0.003937007874015748,0.03159448818897584,254
minilm,initial_only,1,historical_low,intermittent_mapping_fraction,0.007874015748031496,0.0,0.01968503937007874,254
minilm,initial_only,1,historical_low,coverage_lag1,0.01968503937007874,0.003937007874015748,0.03937007874015748,254
minilm,initial_only,1,historical_low,records_lag1,0.01968503937007874,0.003937007874015748,0.03937007874015748,254
minilm,initial_only,1,historical_low,coverage_lag2,0.023622047244094488,0.007874015748031496,0.04330708661417323,254
minilm,initial_only,1,historical_low,records_lag2,0.023622047244094488,0.007874015748031496,0.04330708661417323,254
minilm,initial_only,1,historical_low,coverage_lag3,0.023622047244094488,0.007874015748031496,0.04330708661417323,254
minilm,initial_only,1,historical_low,records_lag3,0.023622047244094488,0.007874015748031496,0.04330708661417323,254
minilm,initial_only,1,historical_low,coverage_lag4,0.03543307086614173,0.015748031496062992,0.05905511811023622,254
minilm,initial_only,1,historical_low,records_lag4,0.03543307086614173,0.015748031496062992,0.05905511811023622,254
minilm,initial_only,1,historical_low,coverage_lag5,0.015748031496062992,0.003937007874015748,0.031496062992125984,254
minilm,initial_only,1,historical_low,records_lag5,0.015748031496062992,0.003937007874015748,0.031496062992125984,254
minilm,initial_only,1,uniform,expected_distinct_records,0.09866542403885734,0.09294841026074675,0.10453690097475156,254
minilm,initial_only,1,uniform,identifications_per_mapping,0.11021434978108478,0.10343191157194617,0.11693703898324083,254
minilm,initial_only,1,uniform,reused_mapping_fraction,0.010347396692983601,0.008878410691100657,0.011843662911071796,254
minilm,initial_only,1,uniform,intermittent_mapping_fraction,0.005110863432508218,0.004000677756623121,0.006234082232820219,254
minilm,initial_only,1,uniform,coverage_lag1,0.01950436675443841,0.01756854090130993,0.021453817175555855,254
minilm,initial_only,1,uniform,records_lag1,0.019504366754438413,0.017568540901309947,0.021453817175555855,254
minilm,initial_only,1,uniform,coverage_lag2,0.021719364691129905,0.01949381910868021,0.02395216111873974,254
minilm,initial_only,1,uniform,records_lag2,0.021719364691129905,0.019493819108680227,0.02395216111873974,254
minilm,initial_only,1,uniform,coverage_lag3,0.02219743253888397,0.01999619795962986,0.02434007515598678,254
minilm,initial_only,1,uniform,records_lag3,0.02219743253888397,0.01999619795962986,0.024340075155986778,254
minilm,initial_only,1,uniform,coverage_lag4,0.02218155491024763,0.01986574916071938,0.02446603910228715,254
minilm,initial_only,1,uniform,records_lag4,0.022181554910247633,0.019865749160719384,0.024466039102287163,254
minilm,initial_only,1,uniform,coverage_lag5,0.024611630886384857,0.022086675756518702,0.02705628455484509,254
minilm,initial_only,1,uniform,records_lag5,0.024611630886384857,0.022086675756518705,0.027056284554845093,254
minilm,initial_only,5,historical_high,expected_distinct_records,0.3937007874015748,0.2992125984251969,0.4922244094488184,254
minilm,initial_only,5,historical_high,identifications_per_mapping,0.08503937007874016,0.06456692913385825,0.10708661417322825,254
minilm,initial_only,5,historical_high,reused_mapping_fraction,0.006299212598425198,0.0023622047244094492,0.011023622047244096,254
minilm,initial_only,5,historical_high,intermittent_mapping_fraction,0.003937007874015748,0.0007874015748031497,0.007874015748031496,254
minilm,initial_only,5,historical_high,coverage_lag1,0.03937007874015748,0.015748031496062992,0.06692913385826772,254
minilm,initial_only,5,historical_high,records_lag1,0.06299212598425197,0.023622047244094488,0.1103346456692908,254
minilm,initial_only,5,historical_high,coverage_lag2,0.05511811023622047,0.031496062992125984,0.08661417322834646,254
minilm,initial_only,5,historical_high,records_lag2,0.06692913385826772,0.031496062992125984,0.1141732283464567,254
minilm,initial_only,5,historical_high,coverage_lag3,0.04330708661417323,0.01968503937007874,0.07086614173228346,254
minilm,initial_only,5,historical_high,records_lag3,0.06299212598425197,0.023622047244094488,0.1062992125984252,254
minilm,initial_only,5,historical_high,coverage_lag4,0.09448818897637795,0.05905511811023622,0.12992125984251968,254
minilm,initial_only,5,historical_high,records_lag4,0.11811023622047244,0.07480314960629922,0.16535433070866143,254
minilm,initial_only,5,historical_high,coverage_lag5,0.08661417322834646,0.05511811023622047,0.1220472440944882,254
minilm,initial_only,5,historical_high,records_lag5,0.1141732283464567,0.06692913385826772,0.16535433070866143,254
minilm,initial_only,5,historical_low,expected_distinct_records,0.4763779527559055,0.38976377952755903,0.562992125984252,254
minilm,initial_only,5,historical_low,identifications_per_mapping,0.10866141732283466,0.08897637795275579,0.13070866141732262,254
minilm,initial_only,5,historical_low,reused_mapping_fraction,0.012598425196850395,0.006299212598425198,0.019685039370078747,254
minilm,initial_only,5,historical_low,intermittent_mapping_fraction,0.007874015748031496,0.00391732283464567,0.012598425196850397,254
minilm,initial_only,5,historical_low,coverage_lag1,0.07480314960629922,0.04330708661417323,0.1062992125984252,254
minilm,initial_only,5,historical_low,records_lag1,0.07874015748031496,0.047244094488188976,0.1141732283464567,254
minilm,initial_only,5,historical_low,coverage_lag2,0.051181102362204724,0.023622047244094488,0.08267716535433071,254
minilm,initial_only,5,historical_low,records_lag2,0.06692913385826772,0.031496062992125984,0.1062992125984252,254
minilm,initial_only,5,historical_low,coverage_lag3,0.12992125984251968,0.09055118110236221,0.1732283464566929,254
minilm,initial_only,5,historical_low,records_lag3,0.15354330708661418,0.10236220472440945,0.2047244094488189,254
minilm,initial_only,5,historical_low,coverage_lag4,0.09448818897637795,0.05905511811023622,0.12992125984251968,254
minilm,initial_only,5,historical_low,records_lag4,0.1062992125984252,0.06692913385826772,0.14566929133858267,254
minilm,initial_only,5,historical_low,coverage_lag5,0.13385826771653545,0.09448818897637795,0.17716535433070865,254
minilm,initial_only,5,historical_low,records_lag5,0.1377952755905512,0.09448818897637795,0.18110236220472442,254
minilm,initial_only,5,uniform,expected_distinct_records,0.4933271201942866,0.4651072896054035,0.5229886091334802,254
minilm,initial_only,5,uniform,identifications_per_mapping,0.11021434978108478,0.10360517481127193,0.11719194130051225,254
minilm,initial_only,5,uniform,reused_mapping_fraction,0.010347396692983601,0.008865148438126491,0.011894366577551493,254
minilm,initial_only,5,uniform,intermittent_mapping_fraction,0.005110863432508218,0.004005918332960966,0.00630263496588012,254
minilm,initial_only,5,uniform,coverage_lag1,0.09283361666950336,0.0841959659165037,0.10141888264717355,254
minilm,initial_only,5,uniform,records_lag1,0.09752183377219206,0.08801858035965845,0.10700748940836931,254
minilm,initial_only,5,uniform,coverage_lag2,0.10243916377060816,0.09247161755473118,0.11243158746177158,254
minilm,initial_only,5,uniform,records_lag2,0.10859682345564953,0.09764169234138154,0.1197612824421945,254
minilm,initial_only,5,uniform,coverage_lag3,0.10483084904513909,0.09524479963201364,0.11482887934811947,254
minilm,initial_only,5,uniform,records_lag3,0.11098716269441981,0.10020704872483711,0.12227978438974517,254
minilm,initial_only,5,uniform,coverage_lag4,0.10438995543650041,0.094499969268007,0.11515187536277334,254
minilm,initial_only,5,uniform,records_lag4,0.11090777455123815,0.0998237201730287,0.12294757292576224,254
minilm,initial_only,5,uniform,coverage_lag5,0.11518267960315727,0.1048750912761874,0.12635205208849437,254
minilm,initial_only,5,uniform,records_lag5,0.12305815443192426,0.11145597321568111,0.13579550098447113,254
minilm,initial_only,10,historical_high,expected_distinct_records,0.8937007874015748,0.7480314960629921,1.0433070866141732,254
minilm,initial_only,10,historical_high,identifications_per_mapping,0.09724409448818899,0.08148622047244095,0.11378937007874022,254
minilm,initial_only,10,historical_high,reused_mapping_fraction,0.0066929133858267716,0.003937007874015748,0.010236220472440948,254
minilm,initial_only,10,historical_high,intermittent_mapping_fraction,0.004330708661417323,0.001968503937007874,0.007480314960629923,254
minilm,initial_only,10,historical_high,coverage_lag1,0.11023622047244094,0.07086614173228346,0.14960629921259844,254
minilm,initial_only,10,historical_high,records_lag1,0.14960629921259844,0.08661417322834646,0.21653543307086615,254
minilm,initial_only,10,historical_high,coverage_lag2,0.1377952755905512,0.09448818897637795,0.18120078740157428,254
minilm,initial_only,10,historical_high,records_lag2,0.16141732283464566,0.11023622047244094,0.22057086614173174,254
minilm,initial_only,10,historical_high,coverage_lag3,0.13385826771653545,0.09448818897637795,0.18110236220472442,254
minilm,initial_only,10,historical_high,records_lag3,0.17716535433070865,0.1141732283464567,0.25984251968503935,254
minilm,initial_only,10,historical_high,coverage_lag4,0.18110236220472442,0.1377952755905512,0.2283464566929134,254
minilm,initial_only,10,historical_high,records_lag4,0.21653543307086615,0.16141732283464566,0.2755905511811024,254
minilm,initial_only,10,historical_high,coverage_lag5,0.1968503937007874,0.14960629921259844,0.2440944881889764,254
minilm,initial_only,10,historical_high,records_lag5,0.2677165354330709,0.19291338582677164,0.35049212598425145,254
minilm,initial_only,10,historical_low,expected_distinct_records,0.9488188976377953,0.8307086614173228,1.0826771653543308,254
minilm,initial_only,10,historical_low,identifications_per_mapping,0.10826771653543307,0.09370078740157485,0.12481299212598432,254
minilm,initial_only,10,historical_low,reused_mapping_fraction,0.012598425196850395,0.007874015748031498,0.018110236220472444,254
minilm,initial_only,10,historical_low,intermittent_mapping_fraction,0.007086614173228346,0.0035433070866141727,0.01141732283464567,254
minilm,initial_only,10,historical_low,coverage_lag1,0.14566929133858267,0.1062992125984252,0.1889763779527559,254
minilm,initial_only,10,historical_low,records_lag1,0.16929133858267717,0.11811023622047244,0.22440944881889763,254
minilm,initial_only,10,historical_low,coverage_lag2,0.12992125984251968,0.08661417322834646,0.1732283464566929,254
minilm,initial_only,10,historical_low,records_lag2,0.15354330708661418,0.10236220472440945,0.20866141732283464,254
minilm,initial_only,10,historical_low,coverage_lag3,0.19291338582677164,0.14566929133858267,0.2440944881889764,254
minilm,initial_only,10,historical_low,records_lag3,0.2559055118110236,0.1889763779527559,0.33070866141732286,254
minilm,initial_only,10,historical_low,coverage_lag4,0.1889763779527559,0.14173228346456693,0.23631889763779473,254
minilm,initial_only,10,historical_low,records_lag4,0.23228346456692914,0.16929133858267717,0.29931102362204676,254
minilm,initial_only,10,historical_low,coverage_lag5,0.21653543307086615,0.16929133858267717,0.2677165354330709,254
minilm,initial_only,10,historical_low,records_lag5,0.27165354330708663,0.20866141732283464,0.33858267716535434,254
minilm,initial_only,10,uniform,expected_distinct_records,0.9866542403885732,0.9282004118158527,1.0472449094808967,254
minilm,initial_only,10,uniform,identifications_per_mapping,0.11021434978108478,0.10334393771529134,0.11730708075845912,254
minilm,initial_only,10,uniform,reused_mapping_fraction,0.010347396692983601,0.008837025383475536,0.011913062650115953,254
minilm,initial_only,10,uniform,intermittent_mapping_fraction,0.005110863432508218,0.004060424312313578,0.006311061678669687,254
minilm,initial_only,10,uniform,coverage_lag1,0.17494847232965652,0.1593884317798519,0.19052521831484087,254
minilm,initial_only,10,uniform,records_lag1,0.19504366754438413,0.1756266449512219,0.2141776262665528,254
minilm,initial_only,10,uniform,coverage_lag2,0.1909684361552959,0.17288771481920098,0.2083908306626135,254
minilm,initial_only,10,uniform,records_lag2,0.21719364691129905,0.1943020887460398,0.2395247628377069,254
minilm,initial_only,10,uniform,coverage_lag3,0.19582695594484875,0.17918588697190296,0.21217310089826846,254
minilm,initial_only,10,uniform,records_lag3,0.22197432538883963,0.20046680878345313,0.24321238105268395,254
minilm,initial_only,10,uniform,coverage_lag4,0.1941974468014783,0.17701535346324143,0.21299200591042292,254
minilm,initial_only,10,uniform,records_lag4,0.2218155491024763,0.20001173433834218,0.24542240860890227,254
minilm,initial_only,10,uniform,coverage_lag5,0.21288780528274742,0.19454542032831676,0.2315095138764803,254
minilm,initial_only,10,uniform,records_lag5,0.24611630886384853,0.22212172720463447,0.2710262688109876,254
qwen,all_prior,1,historical_high,expected_distinct_records,0.052493438320209966,0.03018372703412073,0.07742782152230972,254
qwen,all_prior,1,historical_high,identifications_per_mapping,0.052493438320209966,0.03018372703412073,0.07742782152230972,254
qwen,all_prior,1,historical_high,reused_mapping_fraction,0.0,0.0,0.0,254
qwen,all_prior,1,historical_high,intermittent_mapping_fraction,0.0,0.0,0.0,254
qwen,all_prior,1,historical_high,coverage_lag1,0.028871391076115485,0.010498687664041995,0.051181102362204724,254
qwen,all_prior,1,historical_high,records_lag1,0.028871391076115485,0.010498687664041995,0.051181102362204724,254
qwen,all_prior,1,historical_high,coverage_lag2,0.007874015748031496,0.0,0.018372703412073487,254
qwen,all_prior,1,historical_high,records_lag2,0.007874015748031496,0.0,0.018372703412073487,254
qwen,all_prior,1,historical_high,coverage_lag3,0.003937007874015748,0.0,0.009186351706036744,254
qwen,all_prior,1,historical_high,records_lag3,0.003937007874015748,0.0,0.009186351706036744,254
qwen,all_prior,1,historical_high,coverage_lag4,0.003937007874015748,0.0,0.010498687664041995,254
qwen,all_prior,1,historical_high,records_lag4,0.003937007874015748,0.0,0.010498687664041995,254
qwen,all_prior,1,historical_high,coverage_lag5,0.007874015748031496,0.0013123359580052493,0.018372703412073487,254
qwen,all_prior,1,historical_high,records_lag5,0.007874015748031496,0.0013123359580052493,0.018372703412073487,254
qwen,all_prior,1,historical_low,expected_distinct_records,0.07611548556430446,0.04724409448818899,0.10761154855643043,254
qwen,all_prior,1,historical_low,identifications_per_mapping,0.07611548556430446,0.04724409448818899,0.10761154855643043,254
qwen,all_prior,1,historical_low,reused_mapping_fraction,0.0,0.0,0.0,254
qwen,all_prior,1,historical_low,intermittent_mapping_fraction,0.0,0.0,0.0,254
qwen,all_prior,1,historical_low,coverage_lag1,0.019685039370078736,0.006561679790026246,0.03546587926509169,254
qwen,all_prior,1,historical_low,records_lag1,0.019685039370078736,0.006561679790026246,0.03546587926509169,254
qwen,all_prior,1,historical_low,coverage_lag2,0.018372703412073487,0.003937007874015748,0.03543307086614173,254
qwen,all_prior,1,historical_low,records_lag2,0.018372703412073487,0.003937007874015748,0.03543307086614173,254
qwen,all_prior,1,historical_low,coverage_lag3,0.011811023622047244,0.0013123359580052493,0.026246719160104983,254
qwen,all_prior,1,historical_low,records_lag3,0.011811023622047244,0.0013123359580052493,0.026246719160104983,254
qwen,all_prior,1,historical_low,coverage_lag4,0.01443569553805774,0.0039041994750656185,0.027559055118110236,254
qwen,all_prior,1,historical_low,records_lag4,0.01443569553805774,0.0039041994750656185,0.027559055118110236,254
qwen,all_prior,1,historical_low,coverage_lag5,0.011811023622047244,0.0013123359580052493,0.026246719160104983,254
qwen,all_prior,1,historical_low,records_lag5,0.011811023622047244,0.0013123359580052493,0.026246719160104983,254
qwen,all_prior,1,uniform,expected_distinct_records,0.07435216898216414,0.06935353700415484,0.07963553939901477,254
qwen,all_prior,1,uniform,identifications_per_mapping,0.07769623608746501,0.07235480086011757,0.08336595207155247,254
qwen,all_prior,1,uniform,reused_mapping_fraction,0.003303892111648142,0.0025770947419917465,0.004120289099308731,254
qwen,all_prior,1,uniform,intermittent_mapping_fraction,0.0020284130680932933,0.0014791251820715624,0.00265473698606218,254
qwen,all_prior,1,uniform,coverage_lag1,0.01562716662989346,0.013717646766347031,0.017668331798602124,254
qwen,all_prior,1,uniform,records_lag1,0.015627166629893458,0.01371764676634703,0.017668331798602117,254
qwen,all_prior,1,uniform,coverage_lag2,0.016700774105007508,0.014509383015555787,0.019044663659143084,254
qwen,all_prior,1,uniform,records_lag2,0.016700774105007508,0.014509383015555788,0.01904466365914308,254
qwen,all_prior,1,uniform,coverage_lag3,0.016521828595874092,0.014439102555200447,0.018682812873455943,254
qwen,all_prior,1,uniform,records_lag3,0.016521828595874092,0.014439102555200447,0.01868281287345595,254
qwen,all_prior,1,uniform,coverage_lag4,0.013897166490610855,0.012053409058207449,0.015871900492505142,254
qwen,all_prior,1,uniform,records_lag4,0.013897166490610856,0.012053409058207452,0.015871900492505142,254
qwen,all_prior,1,uniform,coverage_lag5,0.014949300266079105,0.012810278715656313,0.017204818989217042,254
qwen,all_prior,1,uniform,records_lag5,0.014949300266079105,0.012810278715656317,0.017204818989217045,254
qwen,all_prior,5,historical_high,expected_distinct_records,0.32677165354330706,0.25721784776902884,0.4029199475065615,254
qwen,all_prior,5,historical_high,identifications_per_mapping,0.06824146981627298,0.053536745406824134,0.084514435695538,254
qwen,all_prior,5,historical_high,reused_mapping_fraction,0.002887139107611549,0.0005249343832020997,0.005774278215223097,254
qwen,all_prior,5,historical_high,intermittent_mapping_fraction,0.001837270341207349,0.00026246719160104987,0.003937007874015748,254
qwen,all_prior,5,historical_high,coverage_lag1,0.0879265091863517,0.05774278215223097,0.12204724409448818,254
qwen,all_prior,5,historical_high,records_lag1,0.11286089238845143,0.07086614173228346,0.1627296587926509,254
qwen,all_prior,5,historical_high,coverage_lag2,0.06167979002624672,0.036745406824146974,0.08923884514435697,254
qwen,all_prior,5,historical_high,records_lag2,0.0721784776902887,0.03937007874015749,0.11023622047244093,254
qwen,all_prior,5,historical_high,coverage_lag3,0.04461942257217847,0.023622047244094488,0.06955380577427822,254
qwen,all_prior,5,historical_high,records_lag3,0.04855643044619422,0.026213910761154847,0.07611548556430446,254
qwen,all_prior,5,historical_high,coverage_lag4,0.04068241469816272,0.01968503937007874,0.06430446194225721,254
qwen,all_prior,5,historical_high,records_lag4,0.05643044619422572,0.026213910761154854,0.09186351706036745,254
qwen,all_prior,5,historical_high,coverage_lag5,0.04461942257217848,0.023622047244094484,0.06955380577427821,254
qwen,all_prior,5,historical_high,records_lag5,0.051181102362204724,0.02624671916010498,0.0826771653543307,254
qwen,all_prior,5,historical_low,expected_distinct_records,0.34908136482939633,0.27821522309711283,0.4238845144356956,254
qwen,all_prior,5,historical_low,identifications_per_mapping,0.07139107611548558,0.056948818897637754,0.08713910761154844,254
qwen,all_prior,5,historical_low,reused_mapping_fraction,0.0015748031496062996,0.0,0.003937007874015749,254
qwen,all_prior,5,historical_low,intermittent_mapping_fraction,0.0015748031496062996,0.0,0.003937007874015749,254
qwen,all_prior,5,historical_low,coverage_lag1,0.052493438320209966,0.03018372703412073,0.0800524934383202,254
qwen,all_prior,5,historical_low,records_lag1,0.06167979002624672,0.031496062992125984,0.09973753280839896,254
qwen,all_prior,5,historical_low,coverage_lag2,0.05511811023622047,0.030183727034120734,0.08267716535433071,254
qwen,all_prior,5,historical_low,records_lag2,0.056430446194225714,0.031496062992125984,0.0853018372703412,254
qwen,all_prior,5,historical_low,coverage_lag3,0.05905511811023621,0.03412073490813648,0.08792650918635167,254
qwen,all_prior,5,historical_low,records_lag3,0.06824146981627296,0.03805774278215223,0.10236220472440946,254
qwen,all_prior,5,historical_low,coverage_lag4,0.07742782152230972,0.047244094488188976,0.11023622047244094,254
qwen,all_prior,5,historical_low,records_lag4,0.08923884514435695,0.05249343832020997,0.12992125984251968,254
qwen,all_prior,5,historical_low,coverage_lag5,0.06824146981627296,0.04199475065616798,0.09711286089238845,254
qwen,all_prior,5,historical_low,records_lag5,0.08136482939632544,0.04724409448818898,0.11942257217847768,254
qwen,all_prior,5,uniform,expected_distinct_records,0.37176084491082073,0.3474193900181997,0.39771377026338434,254
qwen,all_prior,5,uniform,identifications_per_mapping,0.07769623608746501,0.07244571945198769,0.08315279939142856,254
qwen,all_prior,5,uniform,reused_mapping_fraction,0.0033038921116481414,0.0025936493053810845,0.004100004664473379,254
qwen,all_prior,5,uniform,intermittent_mapping_fraction,0.0020284130680932933,0.0014923590093350579,0.0026182666609577934,254
qwen,all_prior,5,uniform,coverage_lag1,0.07455537036859168,0.06621069105072852,0.08410318955475997,254
qwen,all_prior,5,uniform,records_lag1,0.07813583314946729,0.06920250395712302,0.08852838276701121,254
qwen,all_prior,5,uniform,coverage_lag2,0.07895994365399485,0.06913208408790007,0.08901704277500506,254
qwen,all_prior,5,uniform,records_lag2,0.08350387052503754,0.07247974772816541,0.09477081883960872,254
qwen,all_prior,5,uniform,coverage_lag3,0.07852116126618978,0.06885280191988709,0.08774295604138953,254
qwen,all_prior,5,uniform,records_lag3,0.08260914297937046,0.07212895156738892,0.09286570260306999,254
qwen,all_prior,5,uniform,coverage_lag4,0.06634645013706778,0.0574828463683447,0.07447627969242904,254
qwen,all_prior,5,uniform,records_lag4,0.06948583245305429,0.05988517335406351,0.07821177100328928,254
qwen,all_prior,5,uniform,coverage_lag5,0.07081683485230575,0.06148633681389788,0.08131474405655724,254
qwen,all_prior,5,uniform,records_lag5,0.07474650133039552,0.06430559191074735,0.0863218599964236,254
qwen,all_prior,10,historical_high,expected_distinct_records,0.8175853018372702,0.6902559055118112,0.9540682414698163,254
qwen,all_prior,10,historical_high,identifications_per_mapping,0.08517060367454068,0.07165026246719157,0.09974081364829411,254
qwen,all_prior,10,historical_high,reused_mapping_fraction,0.0034120734908136482,0.0014435695538057745,0.005905511811023622,254
qwen,all_prior,10,historical_high,intermittent_mapping_fraction,0.002362204724409449,0.0007874015748031497,0.004593175853018372,254
qwen,all_prior,10,historical_high,coverage_lag1,0.14304461942257216,0.10498687664041995,0.18635170603674545,254
qwen,all_prior,10,historical_high,records_lag1,0.20997375328083986,0.14432414698162727,0.28608923884514437,254
qwen,all_prior,10,historical_high,coverage_lag2,0.12598425196850394,0.08792650918635171,0.1653543307086614,254
qwen,all_prior,10,historical_high,records_lag2,0.17847769028871388,0.11548556430446195,0.2441272965879263,254
qwen,all_prior,10,historical_high,coverage_lag3,0.1312335958005249,0.0931758530183727,0.17322834645669288,254
qwen,all_prior,10,historical_high,records_lag3,0.17979002624671916,0.12073490813648292,0.24409448818897642,254
qwen,all_prior,10,historical_high,coverage_lag4,0.08661417322834644,0.056430446194225714,0.11942257217847768,254
qwen,all_prior,10,historical_high,records_lag4,0.1325459317585302,0.08005249343832022,0.1916010498687664,254
qwen,all_prior,10,historical_high,coverage_lag5,0.10236220472440945,0.06955380577427822,0.13910761154855641,254
qwen,all_prior,10,historical_high,records_lag5,0.15091863517060367,0.09842519685039372,0.21394356955380558,254
qwen,all_prior,10,historical_low,expected_distinct_records,0.7244094488188977,0.6246719160104988,0.8267716535433068,254
qwen,all_prior,10,historical_low,identifications_per_mapping,0.07467191601049869,0.06417322834645665,0.08530511811023622,254
qwen,all_prior,10,historical_low,reused_mapping_fraction,0.002230971128608924,0.0007874015748031497,0.004068241469816273,254
qwen,all_prior,10,historical_low,intermittent_mapping_fraction,0.0015748031496062996,0.0003937007874015749,0.0032808398950131233,254
qwen,all_prior,10,historical_low,coverage_lag1,0.12467191601049869,0.08923884514435694,0.1640419947506562,254
qwen,all_prior,10,historical_low,records_lag1,0.14041994750656167,0.09711286089238845,0.18897637795275596,254
qwen,all_prior,10,historical_low,coverage_lag2,0.1141732283464567,0.08001968503937007,0.15226377952755893,254
qwen,all_prior,10,historical_low,records_lag2,0.12992125984251968,0.08923884514435694,0.17716535433070868,254
qwen,all_prior,10,historical_low,coverage_lag3,0.12335958005249345,0.08923884514435693,0.1614173228346457,254
qwen,all_prior,10,historical_low,records_lag3,0.13648293963254596,0.0984251968503937,0.18110236220472442,254
qwen,all_prior,10,historical_low,coverage_lag4,0.1443569553805774,0.10498687664041996,0.18503937007874016,254
qwen,all_prior,10,historical_low,records_lag4,0.1732283464566929,0.12467191601049869,0.22440944881889763,254
qwen,all_prior,10,historical_low,coverage_lag5,0.13910761154855641,0.10104986876640418,0.18241469816272962,254
qwen,all_prior,10,historical_low,records_lag5,0.16666666666666666,0.11811023622047244,0.22178477690288714,254
qwen,all_prior,10,uniform,expected_distinct_records,0.7435216898216415,0.6970559848948626,0.7936490806737534,254
qwen,all_prior,10,uniform,identifications_per_mapping,0.07769623608746501,0.07266252376691511,0.08306937080352439,254
qwen,all_prior,10,uniform,reused_mapping_fraction,0.0033038921116481414,0.002560395653390729,0.004085720008856992,254
qwen,all_prior,10,uniform,intermittent_mapping_fraction,0.0020284130680932933,0.0014913972995302526,0.0025912856527071752,254
qwen,all_prior,10,uniform,coverage_lag1,0.14085988032511268,0.1248379543601455,0.15643624515163526,254
qwen,all_prior,10,uniform,records_lag1,0.15627166629893458,0.1369275234840971,0.17516206075121238,254
qwen,all_prior,10,uniform,coverage_lag2,0.14780797008407276,0.13053906444811642,0.16567043723145466,254
qwen,all_prior,10,uniform,records_lag2,0.16700774105007507,0.14553353675555353,0.1899197717440302,254
qwen,all_prior,10,uniform,coverage_lag3,0.14773277919456104,0.1313209661521801,0.16489551775977032,254
qwen,all_prior,10,uniform,records_lag3,0.1652182859587409,0.14546343418553564,0.18614875566660805,254
qwen,all_prior,10,uniform,coverage_lag4,0.12550997483423665,0.11026909436391358,0.14202864180372307,254
qwen,all_prior,10,uniform,records_lag4,0.13897166490610857,0.12075376872283196,0.15895204027805007,254
qwen,all_prior,10,uniform,coverage_lag5,0.1328650502062155,0.11629183474685723,0.1510405887417411,254
qwen,all_prior,10,uniform,records_lag5,0.14949300266079105,0.1288874001373768,0.17257165667765798,254
qwen,initial_only,1,historical_high,expected_distinct_records,0.053805774278215215,0.03149606299212599,0.07742782152230973,254
qwen,initial_only,1,historical_high,identifications_per_mapping,0.05774278215223096,0.03412073490813648,0.0853018372703412,254
qwen,initial_only,1,historical_high,reused_mapping_fraction,0.003937007874015748,0.0,0.010498687664041995,254
qwen,initial_only,1,historical_high,intermittent_mapping_fraction,0.003937007874015748,0.0,0.010498687664041995,254
qwen,initial_only,1,historical_high,coverage_lag1,0.028871391076115485,0.010498687664041995,0.048556430446194225,254
qwen,initial_only,1,historical_high,records_lag1,0.028871391076115485,0.010498687664041995,0.048556430446194225,254
qwen,initial_only,1,historical_high,coverage_lag2,0.007874015748031496,0.0,0.01837270341207349,254
qwen,initial_only,1,historical_high,records_lag2,0.007874015748031496,0.0,0.01837270341207349,254
qwen,initial_only,1,historical_high,coverage_lag3,0.005249343832020997,0.0013123359580052493,0.010498687664041995,254
qwen,initial_only,1,historical_high,records_lag3,0.005249343832020997,0.0013123359580052493,0.010498687664041995,254
qwen,initial_only,1,historical_high,coverage_lag4,0.007874015748031496,0.0013123359580052493,0.01706036745406824,254
qwen,initial_only,1,historical_high,records_lag4,0.007874015748031496,0.0013123359580052493,0.01706036745406824,254
qwen,initial_only,1,historical_high,coverage_lag5,0.007874015748031496,0.0013123359580052493,0.01706036745406824,254
qwen,initial_only,1,historical_high,records_lag5,0.007874015748031496,0.0013123359580052493,0.01706036745406824,254
qwen,initial_only,1,historical_low,expected_distinct_records,0.07611548556430446,0.048556430446194225,0.1062992125984252,254
qwen,initial_only,1,historical_low,identifications_per_mapping,0.08267716535433071,0.05118110236220474,0.11811023622047244,254
qwen,initial_only,1,historical_low,reused_mapping_fraction,0.006561679790026246,0.0,0.01706036745406824,254
qwen,initial_only,1,historical_low,intermittent_mapping_fraction,0.003937007874015748,0.0,0.011811023622047244,254
qwen,initial_only,1,historical_low,coverage_lag1,0.019685039370078736,0.006561679790026246,0.036745406824146974,254
qwen,initial_only,1,historical_low,records_lag1,0.019685039370078736,0.006561679790026246,0.036745406824146974,254
qwen,initial_only,1,historical_low,coverage_lag2,0.018372703412073487,0.005249343832020997,0.03543307086614174,254
qwen,initial_only,1,historical_low,records_lag2,0.018372703412073487,0.005249343832020997,0.03543307086614174,254
qwen,initial_only,1,historical_low,coverage_lag3,0.011811023622047244,0.0013123359580052493,0.02493438320209974,254
qwen,initial_only,1,historical_low,records_lag3,0.011811023622047244,0.0013123359580052493,0.02493438320209974,254
qwen,initial_only,1,historical_low,coverage_lag4,0.018372703412073487,0.006561679790026246,0.03412073490813648,254
qwen,initial_only,1,historical_low,records_lag4,0.018372703412073487,0.006561679790026246,0.03412073490813648,254
qwen,initial_only,1,historical_low,coverage_lag5,0.014435695538057743,0.0026246719160104987,0.02887139107611549,254
qwen,initial_only,1,historical_low,records_lag5,0.014435695538057743,0.0026246719160104987,0.02887139107611549,254
qwen,initial_only,1,uniform,expected_distinct_records,0.07512599399652131,0.06996039408206847,0.080177196553834,254
qwen,initial_only,1,uniform,identifications_per_mapping,0.08372642501891785,0.07772611712147447,0.089616070939289,254
qwen,initial_only,1,uniform,reused_mapping_fraction,0.007605321936201719,0.006276857600228553,0.009071795177806019,254
qwen,initial_only,1,uniform,intermittent_mapping_fraction,0.0039193621718494704,0.003040186171015502,0.004819022012335075,254
qwen,initial_only,1,uniform,coverage_lag1,0.01562716662989346,0.013758519621207468,0.017511795416133118,254
qwen,initial_only,1,uniform,records_lag1,0.015627166629893458,0.013758519621207464,0.017511795416133114,254
qwen,initial_only,1,uniform,coverage_lag2,0.017876617612262332,0.015628350632606893,0.02022931610851755,254
qwen,initial_only,1,uniform,records_lag2,0.017876617612262332,0.015628350632606893,0.02022931610851755,254
qwen,initial_only,1,uniform,coverage_lag3,0.01743931971088702,0.01534227429158057,0.01961793924663131,254
qwen,initial_only,1,uniform,records_lag3,0.01743931971088702,0.01534227429158057,0.019617939246631303,254
qwen,initial_only,1,uniform,coverage_lag4,0.015614145792101,0.013598856731388739,0.017693215782863224,254
qwen,initial_only,1,uniform,records_lag4,0.015614145792101,0.013598856731388737,0.017693215782863224,254
qwen,initial_only,1,uniform,coverage_lag5,0.017169175273774047,0.014982758574848737,0.019407485796024002,254
qwen,initial_only,1,uniform,records_lag5,0.017169175273774047,0.014982758574848747,0.019407485796024002,254
qwen,initial_only,5,historical_high,expected_distinct_records,0.3425196850393701,0.2664041994750657,0.42129265091863505,254
qwen,initial_only,5,historical_high,identifications_per_mapping,0.08005249343832022,0.06141732283464564,0.100524934383202,254
qwen,initial_only,5,historical_high,reused_mapping_fraction,0.009711286089238845,0.004717847769028872,0.015748031496062995,254
qwen,initial_only,5,historical_high,intermittent_mapping_fraction,0.006036745406824148,0.001830708661417323,0.011286089238845146,254
qwen,initial_only,5,historical_high,coverage_lag1,0.0879265091863517,0.05643044619422572,0.12073490813648294,254
qwen,initial_only,5,historical_high,records_lag1,0.11286089238845143,0.06824146981627296,0.16272965879265092,254
qwen,initial_only,5,historical_high,coverage_lag2,0.07349081364829395,0.045931758530183726,0.1036745406824147,254
qwen,initial_only,5,historical_high,records_lag2,0.08398950131233594,0.048556430446194225,0.12335958005249346,254
qwen,initial_only,5,historical_high,coverage_lag3,0.052493438320209966,0.027559055118110236,0.07874015748031495,254
qwen,initial_only,5,historical_high,records_lag3,0.056430446194225714,0.030183727034120728,0.08402230971128592,254
qwen,initial_only,5,historical_high,coverage_lag4,0.04986876640419947,0.027559055118110236,0.07611548556430445,254
qwen,initial_only,5,historical_high,records_lag4,0.07349081364829396,0.03933727034120734,0.11811023622047243,254
qwen,initial_only,5,historical_high,coverage_lag5,0.06299212598425197,0.03674540682414698,0.09186351706036745,254
qwen,initial_only,5,historical_high,records_lag5,0.07349081364829395,0.04068241469816273,0.11023622047244094,254
qwen,initial_only,5,historical_low,expected_distinct_records,0.34908136482939633,0.2755905511811023,0.4226049868766403,254
qwen,initial_only,5,historical_low,identifications_per_mapping,0.07532808398950132,0.058267716535433035,0.09213254593175839,254
qwen,initial_only,5,historical_low,reused_mapping_fraction,0.0047244094488188984,0.0015748031496062996,0.008661417322834646,254
qwen,initial_only,5,historical_low,intermittent_mapping_fraction,0.002624671916010499,0.0,0.005511811023622048,254
qwen,initial_only,5,historical_low,coverage_lag1,0.052493438320209966,0.030183727034120728,0.07742782152230972,254
qwen,initial_only,5,historical_low,records_lag1,0.06167979002624672,0.031496062992125984,0.0984251968503937,254
qwen,initial_only,5,historical_low,coverage_lag2,0.05905511811023622,0.031496062992125984,0.08792650918635168,254
qwen,initial_only,5,historical_low,records_lag2,0.06036745406824146,0.032808398950131226,0.08923884514435694,254
qwen,initial_only,5,historical_low,coverage_lag3,0.06299212598425197,0.03805774278215223,0.09186351706036743,254
qwen,initial_only,5,historical_low,records_lag3,0.0721784776902887,0.041994750656167985,0.10761154855643044,254
qwen,initial_only,5,historical_low,coverage_lag4,0.08661417322834646,0.05380577427821522,0.12073490813648292,254
qwen,initial_only,5,historical_low,records_lag4,0.0984251968503937,0.05905511811023622,0.13779527559055121,254
qwen,initial_only,5,historical_low,coverage_lag5,0.07086614173228346,0.04330708661417323,0.10236220472440945,254
qwen,initial_only,5,historical_low,records_lag5,0.08398950131233596,0.049868766404199474,0.12467191601049868,254
qwen,initial_only,5,uniform,expected_distinct_records,0.3756299699826066,0.35103147545109165,0.4028064073930037,254
qwen,initial_only,5,uniform,identifications_per_mapping,0.08372642501891785,0.07791119691460023,0.09005103978637581,254
qwen,initial_only,5,uniform,reused_mapping_fraction,0.007605321936201719,0.0062472478583068675,0.009021907222156112,254
qwen,initial_only,5,uniform,intermittent_mapping_fraction,0.0039193621718494704,0.0030730767806718324,0.004811689879869132,254
qwen,initial_only,5,uniform,coverage_lag1,0.07455537036859168,0.06567085339867956,0.08345209973609113,254
qwen,initial_only,5,uniform,records_lag1,0.07813583314946729,0.06859954159684571,0.08779288073693502,254
qwen,initial_only,5,uniform,coverage_lag2,0.0843353379770579,0.0741852103784892,0.09473594668913826,254
qwen,initial_only,5,uniform,records_lag2,0.08938308806131165,0.07809585161742516,0.10153482972703455,254
qwen,initial_only,5,uniform,coverage_lag3,0.0827317320780784,0.07370370552248126,0.09275393372619521,254
qwen,initial_only,5,uniform,records_lag3,0.08719659855443511,0.07718798832030874,0.09829007411632228,254
qwen,initial_only,5,uniform,coverage_lag4,0.07422893466927667,0.06512374576336659,0.0836136583318562,254
qwen,initial_only,5,uniform,records_lag4,0.07807072896050499,0.06817080372426827,0.088558758758214,254
qwen,initial_only,5,uniform,coverage_lag5,0.08115486208257593,0.0715099583501874,0.09211419952392635,254
qwen,initial_only,5,uniform,records_lag5,0.08584587636887021,0.07513032601317707,0.09813745711021986,254
qwen,initial_only,10,historical_high,expected_distinct_records,0.8569553805774277,0.7243766404199474,1.0026574803149604,254
qwen,initial_only,10,historical_high,identifications_per_mapping,0.0984251968503937,0.08188976377952761,0.11641076115485567,254
qwen,initial_only,10,historical_high,reused_mapping_fraction,0.011154855643044621,0.007086614173228348,0.01587926509186352,254
qwen,initial_only,10,historical_high,intermittent_mapping_fraction,0.006561679790026247,0.0032808398950131233,0.010367454068241475,254
qwen,initial_only,10,historical_high,coverage_lag1,0.14304461942257216,0.10236220472440943,0.18503937007874016,254
qwen,initial_only,10,historical_high,records_lag1,0.20997375328083986,0.14173228346456693,0.2874015748031496,254
qwen,initial_only,10,historical_high,coverage_lag2,0.14960629921259844,0.10892388451443571,0.19163385826771637,254
qwen,initial_only,10,historical_high,records_lag2,0.21391076115485563,0.14829396325459318,0.2874343832020995,254
qwen,initial_only,10,historical_high,coverage_lag3,0.1469816272965879,0.10761154855643046,0.18897637795275588,254
qwen,initial_only,10,historical_high,records_lag3,0.2047244094488189,0.1430446194225722,0.27168635170603656,254
qwen,initial_only,10,historical_high,coverage_lag4,0.10104986876640419,0.06824146981627296,0.13648293963254593,254
qwen,initial_only,10,historical_high,records_lag4,0.1679790026246719,0.10626640419947506,0.24019028871391063,254
qwen,initial_only,10,historical_high,coverage_lag5,0.12335958005249342,0.08661417322834647,0.1627296587926509,254
qwen,initial_only,10,historical_high,records_lag5,0.18766404199475067,0.12467191601049873,0.25593832020997354,254
qwen,initial_only,10,historical_low,expected_distinct_records,0.7270341207349081,0.6259842519685039,0.8346456692913384,254
qwen,initial_only,10,historical_low,identifications_per_mapping,0.08070866141732283,0.06876640419947504,0.09291338582677171,254
qwen,initial_only,10,historical_low,reused_mapping_fraction,0.0068241469816272965,0.0036745406824146985,0.010498687664042,254
qwen,initial_only,10,historical_low,intermittent_mapping_fraction,0.002887139107611549,0.0009186351706036745,0.005380577427821523,254
qwen,initial_only,10,historical_low,coverage_lag1,0.12467191601049869,0.08923884514435694,0.16276246719160084,254
qwen,initial_only,10,historical_low,records_lag1,0.14041994750656167,0.0984251968503937,0.18897637795275585,254
qwen,initial_only,10,historical_low,coverage_lag2,0.12073490813648292,0.08398950131233594,0.15879265091863518,254
qwen,initial_only,10,historical_low,records_lag2,0.13648293963254593,0.0931758530183727,0.18110236220472442,254
qwen,initial_only,10,historical_low,coverage_lag3,0.1377952755905512,0.09842519685039373,0.1784776902887139,254
qwen,initial_only,10,historical_low,records_lag3,0.15223097112860892,0.10892388451443567,0.19947506561679793,254
qwen,initial_only,10,historical_low,coverage_lag4,0.1601049868766404,0.1194225721784777,0.20213254593175842,254
qwen,initial_only,10,historical_low,records_lag4,0.1889763779527559,0.137762467191601,0.24278215223097113,254
qwen,initial_only,10,historical_low,coverage_lag5,0.14960629921259844,0.10889107611548555,0.1916010498687664,254
qwen,initial_only,10,historical_low,records_lag5,0.1889763779527559,0.1325459317585302,0.24934383202099744,254
qwen,initial_only,10,uniform,expected_distinct_records,0.7512599399652132,0.703138166416705,0.8030973979461278,254
qwen,initial_only,10,uniform,identifications_per_mapping,0.08372642501891785,0.07818881513826072,0.08995393915110461,254
qwen,initial_only,10,uniform,reused_mapping_fraction,0.007605321936201719,0.006308560393986979,0.00905596259694277,254
qwen,initial_only,10,uniform,intermittent_mapping_fraction,0.0039193621718494704,0.0030137679623482997,0.004867982565676612,254
qwen,initial_only,10,uniform,coverage_lag1,0.14085988032511268,0.12491117087768405,0.15760950649116703,254
qwen,initial_only,10,uniform,records_lag1,0.15627166629893458,0.13727472507433314,0.17684265458078735,254
qwen,initial_only,10,uniform,coverage_lag2,0.15747123914512004,0.13968640967747173,0.1764146395084347,254
qwen,initial_only,10,uniform,records_lag2,0.1787661761226233,0.15687331385452907,0.20271965377890175,254
qwen,initial_only,10,uniform,coverage_lag3,0.15532722575644248,0.1384469647603052,0.17266066634187313,254
qwen,initial_only,10,uniform,records_lag3,0.17439319710887022,0.1535761664516847,0.19579815573837336,254
qwen,initial_only,10,uniform,coverage_lag4,0.139740510551807,0.12314081922764232,0.1573648227375915,254
qwen,initial_only,10,uniform,records_lag4,0.15614145792100997,0.13590668592833063,0.17797870968951118,254
qwen,initial_only,10,uniform,coverage_lag5,0.1517880739754971,0.13438854318077842,0.17045103113861226,254
qwen,initial_only,10,uniform,records_lag5,0.17169175273774043,0.15045812997021096,0.1954789959349424,254
