figure,panel,source,selectors,metric,scale,unit,value,ci_low,ci_high,source_ci_low,source_ci_high
fig1_longitudinal_history,MiniLM,r014_boundaries_remote/minilm/metrics.csv,cohort=strict_confirmation;attacker=equality;history_budget=1,recall_at_10,100.0,percent,6.062992125984253,4.330708661417323,7.95275590551181,r10_ci_low,r10_ci_high
fig1_longitudinal_history,MiniLM,r014_boundaries_remote/minilm/metrics.csv,cohort=strict_confirmation;attacker=equality;history_budget=2,recall_at_10,100.0,percent,8.11023622047244,6.299212598425196,10.078740157480317,r10_ci_low,r10_ci_high
fig1_longitudinal_history,MiniLM,r014_boundaries_remote/minilm/metrics.csv,cohort=strict_confirmation;attacker=equality;history_budget=5,recall_at_10,100.0,percent,10.944881889763778,8.89763779527559,13.228346456692911,r10_ci_low,r10_ci_high
fig1_longitudinal_history,MiniLM,r014_boundaries_remote/minilm/metrics.csv,cohort=strict_confirmation;attacker=equality;history_budget=10,recall_at_10,100.0,percent,14.881889763779526,12.51968503937008,17.401574803149607,r10_ci_low,r10_ci_high
fig1_longitudinal_history,MiniLM,r014_boundaries_remote/minilm/metrics.csv,cohort=strict_confirmation;attacker=structural_history;history_budget=1,recall_at_10,100.0,percent,1.4960629921259845,0.8661417322834646,2.204724409448819,r10_ci_low,r10_ci_high
fig1_longitudinal_history,MiniLM,r014_boundaries_remote/minilm/metrics.csv,cohort=strict_confirmation;attacker=structural_history;history_budget=2,recall_at_10,100.0,percent,1.574803149606299,0.9448818897637796,2.2834645669291342,r10_ci_low,r10_ci_high
fig1_longitudinal_history,MiniLM,r014_boundaries_remote/minilm/metrics.csv,cohort=strict_confirmation;attacker=structural_history;history_budget=5,recall_at_10,100.0,percent,1.574803149606299,0.9448818897637796,2.2834645669291342,r10_ci_low,r10_ci_high
fig1_longitudinal_history,MiniLM,r014_boundaries_remote/minilm/metrics.csv,cohort=strict_confirmation;attacker=structural_history;history_budget=10,recall_at_10,100.0,percent,1.968503937007874,1.2598425196850396,2.8346456692913384,r10_ci_low,r10_ci_high
fig1_longitudinal_history,MiniLM,r021_r023_evidence/minilm/minilm/metrics.csv,history_budget=10;pool=global;method=history_latest,recall_at_10,100.0,percent,5.590551181102363,,,,
fig1_longitudinal_history,MiniLM,r014_boundaries_remote/minilm/metrics.csv,cohort=strict_confirmation;attacker=equality;history_budget=0,chance_recall_at_10,100.0,percent,0.7874015748031495,,,,
fig1_longitudinal_history,Qwen,r014_boundaries_remote/qwen/metrics.csv,cohort=strict_confirmation;attacker=equality;history_budget=1,recall_at_10,100.0,percent,5.669291338582677,3.9895013123359586,7.480314960629922,r10_ci_low,r10_ci_high
fig1_longitudinal_history,Qwen,r014_boundaries_remote/qwen/metrics.csv,cohort=strict_confirmation;attacker=equality;history_budget=2,recall_at_10,100.0,percent,6.404199475065616,4.776902887139108,8.293963254593177,r10_ci_low,r10_ci_high
fig1_longitudinal_history,Qwen,r014_boundaries_remote/qwen/metrics.csv,cohort=strict_confirmation;attacker=equality;history_budget=5,recall_at_10,100.0,percent,7.874015748031496,6.010498687664042,9.895669291338574,r10_ci_low,r10_ci_high
fig1_longitudinal_history,Qwen,r014_boundaries_remote/qwen/metrics.csv,cohort=strict_confirmation;attacker=equality;history_budget=10,recall_at_10,100.0,percent,9.238845144356956,7.217847769028872,11.391076115485564,r10_ci_low,r10_ci_high
fig1_longitudinal_history,Qwen,r014_boundaries_remote/qwen/metrics.csv,cohort=strict_confirmation;attacker=structural_history;history_budget=1,recall_at_10,100.0,percent,1.7322834645669292,1.1286089238845145,2.414698162729658,r10_ci_low,r10_ci_high
fig1_longitudinal_history,Qwen,r014_boundaries_remote/qwen/metrics.csv,cohort=strict_confirmation;attacker=structural_history;history_budget=2,recall_at_10,100.0,percent,1.7847769028871392,1.1548556430446195,2.4671916010498687,r10_ci_low,r10_ci_high
fig1_longitudinal_history,Qwen,r014_boundaries_remote/qwen/metrics.csv,cohort=strict_confirmation;attacker=structural_history;history_budget=5,recall_at_10,100.0,percent,2.0472440944881893,1.3910761154855642,2.782152230971129,r10_ci_low,r10_ci_high
fig1_longitudinal_history,Qwen,r014_boundaries_remote/qwen/metrics.csv,cohort=strict_confirmation;attacker=structural_history;history_budget=10,recall_at_10,100.0,percent,1.942257217847769,1.2860892388451446,2.677165354330709,r10_ci_low,r10_ci_high
fig1_longitudinal_history,Qwen,r021_r023_evidence/minilm/qwen/metrics.csv,history_budget=10;pool=global;method=history_latest,recall_at_10,100.0,percent,5.590551181102363,,,,
fig1_longitudinal_history,Qwen,r014_boundaries_remote/qwen/metrics.csv,cohort=strict_confirmation;attacker=equality;history_budget=0,chance_recall_at_10,100.0,percent,0.7874015748031495,,,,
fig1_longitudinal_history,DeepSeek,r014_boundaries_remote/deepseek/metrics.csv,cohort=strict_confirmation;attacker=equality;history_budget=1,recall_at_10,100.0,percent,5.406824146981628,3.779527559055118,7.191601049868766,r10_ci_low,r10_ci_high
fig1_longitudinal_history,DeepSeek,r014_boundaries_remote/deepseek/metrics.csv,cohort=strict_confirmation;attacker=equality;history_budget=2,recall_at_10,100.0,percent,7.007874015748031,5.301837270341207,8.89763779527559,r10_ci_low,r10_ci_high
fig1_longitudinal_history,DeepSeek,r014_boundaries_remote/deepseek/metrics.csv,cohort=strict_confirmation;attacker=equality;history_budget=5,recall_at_10,100.0,percent,8.083989501312336,6.220472440944882,10.026246719160106,r10_ci_low,r10_ci_high
fig1_longitudinal_history,DeepSeek,r014_boundaries_remote/deepseek/metrics.csv,cohort=strict_confirmation;attacker=equality;history_budget=10,recall_at_10,100.0,percent,9.37007874015748,7.375328083989502,11.444225721784768,r10_ci_low,r10_ci_high
fig1_longitudinal_history,DeepSeek,r014_boundaries_remote/deepseek/metrics.csv,cohort=strict_confirmation;attacker=structural_history;history_budget=1,recall_at_10,100.0,percent,2.020997375328084,1.2073490813648295,2.992782152230962,r10_ci_low,r10_ci_high
fig1_longitudinal_history,DeepSeek,r014_boundaries_remote/deepseek/metrics.csv,cohort=strict_confirmation;attacker=structural_history;history_budget=2,recall_at_10,100.0,percent,2.3359580052493434,1.5485564304461945,3.307086614173228,r10_ci_low,r10_ci_high
fig1_longitudinal_history,DeepSeek,r014_boundaries_remote/deepseek/metrics.csv,cohort=strict_confirmation;attacker=structural_history;history_budget=5,recall_at_10,100.0,percent,2.283464566929134,1.4698162729658792,3.254593175853019,r10_ci_low,r10_ci_high
fig1_longitudinal_history,DeepSeek,r014_boundaries_remote/deepseek/metrics.csv,cohort=strict_confirmation;attacker=structural_history;history_budget=10,recall_at_10,100.0,percent,2.204724409448819,1.3910761154855642,3.202099737532808,r10_ci_low,r10_ci_high
fig1_longitudinal_history,DeepSeek,r021_r023_evidence/minilm/deepseek/metrics.csv,history_budget=10;pool=global;method=history_latest,recall_at_10,100.0,percent,5.590551181102363,,,,
fig1_longitudinal_history,DeepSeek,r014_boundaries_remote/deepseek/metrics.csv,cohort=strict_confirmation;attacker=equality;history_budget=0,chance_recall_at_10,100.0,percent,0.7874015748031495,,,,
fig4_rotation_cost,amortized_rotation_plus_query_ms,r018_r020_operational_remote/system_metrics_by_workload.csv,dataset=memorycd;documents=228;condition=stable,amortized_rotation_plus_query_ms,0.001,seconds/query,0.0129310598111111,,,,
fig4_rotation_cost,amortized_rotation_plus_query_ms,r018_r020_operational_remote/system_metrics_by_workload.csv,dataset=memorycd;documents=758;condition=stable,amortized_rotation_plus_query_ms,0.001,seconds/query,0.0325363439444444,,,,
fig4_rotation_cost,amortized_rotation_plus_query_ms,r018_r020_operational_remote/system_metrics_by_workload.csv,dataset=memorycd;documents=1654;condition=stable,amortized_rotation_plus_query_ms,0.001,seconds/query,0.0737668864022988,,,,
fig4_rotation_cost,amortized_rotation_plus_query_ms,r018_r020_operational_remote/system_metrics_by_workload.csv,dataset=memorycd;documents=5847;condition=stable,amortized_rotation_plus_query_ms,0.001,seconds/query,0.2661502358888888,,,,
fig4_rotation_cost,amortized_rotation_plus_query_ms,r018_r020_operational_remote/system_metrics_by_workload.csv,dataset=memorycd;documents=228;condition=per_task,amortized_rotation_plus_query_ms,0.001,seconds/query,0.1336204142,,,,
fig4_rotation_cost,amortized_rotation_plus_query_ms,r018_r020_operational_remote/system_metrics_by_workload.csv,dataset=memorycd;documents=758;condition=per_task,amortized_rotation_plus_query_ms,0.001,seconds/query,0.3311385950222222,,,,
fig4_rotation_cost,amortized_rotation_plus_query_ms,r018_r020_operational_remote/system_metrics_by_workload.csv,dataset=memorycd;documents=1654;condition=per_task,amortized_rotation_plus_query_ms,0.001,seconds/query,0.7402484957126436,,,,
fig4_rotation_cost,amortized_rotation_plus_query_ms,r018_r020_operational_remote/system_metrics_by_workload.csv,dataset=memorycd;documents=5847;condition=per_task,amortized_rotation_plus_query_ms,0.001,seconds/query,2.648716008111111,,,,
fig4_rotation_cost,amortized_rotation_plus_query_ms,r018_r020_operational_remote/system_metrics_by_workload.csv,dataset=memorycd;documents=228;condition=per_query,amortized_rotation_plus_query_ms,0.001,seconds/query,0.8017435002666669,,,,
fig4_rotation_cost,amortized_rotation_plus_query_ms,r018_r020_operational_remote/system_metrics_by_workload.csv,dataset=memorycd;documents=758;condition=per_query,amortized_rotation_plus_query_ms,0.001,seconds/query,1.909706619666666,,,,
fig4_rotation_cost,amortized_rotation_plus_query_ms,r018_r020_operational_remote/system_metrics_by_workload.csv,dataset=memorycd;documents=1654;condition=per_query,amortized_rotation_plus_query_ms,0.001,seconds/query,4.256994783609194,,,,
fig4_rotation_cost,amortized_rotation_plus_query_ms,r018_r020_operational_remote/system_metrics_by_workload.csv,dataset=memorycd;documents=5847;condition=per_query,amortized_rotation_plus_query_ms,0.001,seconds/query,15.167151804533331,,,,
fig4_rotation_cost,mean_upload_bytes_per_query,r018_r020_operational_remote/system_metrics_by_workload.csv,dataset=memorycd;documents=228;condition=stable,mean_upload_bytes_per_query,1e-06,MB/query,0.0298497111111111,,,,
fig4_rotation_cost,mean_upload_bytes_per_query,r018_r020_operational_remote/system_metrics_by_workload.csv,dataset=memorycd;documents=758;condition=stable,mean_upload_bytes_per_query,1e-06,MB/query,0.0751618888888888,,,,
fig4_rotation_cost,mean_upload_bytes_per_query,r018_r020_operational_remote/system_metrics_by_workload.csv,dataset=memorycd;documents=1654;condition=stable,mean_upload_bytes_per_query,1e-06,MB/query,0.1685275862068965,,,,
fig4_rotation_cost,mean_upload_bytes_per_query,r018_r020_operational_remote/system_metrics_by_workload.csv,dataset=memorycd;documents=5847;condition=stable,mean_upload_bytes_per_query,1e-06,MB/query,0.5744341,,,,
fig4_rotation_cost,mean_upload_bytes_per_query,r018_r020_operational_remote/system_metrics_by_workload.csv,dataset=memorycd;documents=228;condition=per_task,mean_upload_bytes_per_query,1e-06,MB/query,0.4477456666666666,,,,
fig4_rotation_cost,mean_upload_bytes_per_query,r018_r020_operational_remote/system_metrics_by_workload.csv,dataset=memorycd;documents=758;condition=per_task,mean_upload_bytes_per_query,1e-06,MB/query,1.1274283333333333,,,,
fig4_rotation_cost,mean_upload_bytes_per_query,r018_r020_operational_remote/system_metrics_by_workload.csv,dataset=memorycd;documents=1654;condition=per_task,mean_upload_bytes_per_query,1e-06,MB/query,2.527913793103448,,,,
fig4_rotation_cost,mean_upload_bytes_per_query,r018_r020_operational_remote/system_metrics_by_workload.csv,dataset=memorycd;documents=5847;condition=per_task,mean_upload_bytes_per_query,1e-06,MB/query,8.6165115,,,,
fig4_rotation_cost,mean_upload_bytes_per_query,r018_r020_operational_remote/system_metrics_by_workload.csv,dataset=memorycd;documents=228;condition=per_query,mean_upload_bytes_per_query,1e-06,MB/query,2.686474,,,,
fig4_rotation_cost,mean_upload_bytes_per_query,r018_r020_operational_remote/system_metrics_by_workload.csv,dataset=memorycd;documents=758;condition=per_query,mean_upload_bytes_per_query,1e-06,MB/query,6.76457,,,,
fig4_rotation_cost,mean_upload_bytes_per_query,r018_r020_operational_remote/system_metrics_by_workload.csv,dataset=memorycd;documents=1654;condition=per_query,mean_upload_bytes_per_query,1e-06,MB/query,14.6619,,,,
fig4_rotation_cost,mean_upload_bytes_per_query,r018_r020_operational_remote/system_metrics_by_workload.csv,dataset=memorycd;documents=5847;condition=per_query,mean_upload_bytes_per_query,1e-06,MB/query,51.699068999999994,,,,
