policy,history_budget,anchors,history_queries,future_events,novel_query_events,all_future_queries_novel,retrieved_documents,known_retrieved_documents,novel_known_documents,repeat_known_documents,additional_known_documents,any_novel_known,any_additional_known,any_known,all_novel_with_known,exposed_domains,novel_query_exposed_domains,additional_exposed_domains,any_additional_domain
deepseek,1,19.653543307086615,5.980314960629921,5.975590551181102,4.659317585301838,0.24960629921259841,19.578477690288715,6.366929133858268,1.4674540682414698,5.6170603674540684,0.7498687664041995,0.6055118110236221,0.4388451443569554,0.8965879265091864,0.14671916010498687,2.4091863517060363,0.8459317585301838,0.2669291338582677,0.20866141732283464
deepseek,2,32.76246719160105,10.583989501312336,5.975590551181102,4.258005249343832,0.14724409448818898,19.578477690288715,8.217060367454067,1.6068241469816273,7.28503937007874,0.9320209973753281,0.6223097112860893,0.5062992125984251,0.9535433070866142,0.10131233595800525,2.8280839895013123,0.8986876640419948,0.24934383202099739,0.19212598425196853
deepseek,5,63.3254593175853,22.61548556430446,5.975590551181102,3.841994750656168,0.09816272965879265,19.578477690288715,10.293438320209974,1.8401574803149605,9.002099737532808,1.2913385826771653,0.6737532808398949,0.6005249343832021,0.979265091863517,0.07821522309711286,3.0616797900262465,0.9808398950131233,0.23175853018372702,0.1721784776902887
deepseek,10,103.32808398950131,40.618110236220474,5.975590551181102,3.494225721784777,0.07322834645669292,19.578477690288715,11.883989501312335,2.00997375328084,10.266666666666666,1.6173228346456694,0.7152230971128608,0.6706036745406825,0.9923884514435696,0.06587926509186352,3.1934383202099736,1.0829396325459317,0.22887139107611548,0.16902887139107614
minilm,1,21.125984251968504,5.960629921259843,5.94251968503937,5.341732283464567,0.5976377952755906,21.100787401574806,3.0551181102362204,1.05748031496063,2.4291338582677167,0.6259842519685039,0.49133858267716535,0.4047244094488189,0.647244094488189,0.24488188976377953,0.7850393700787401,0.537007874015748,0.29448818897637796,0.2606299212598425
minilm,2,38.881889763779526,11.263779527559056,5.94251968503937,5.04251968503937,0.4086614173228346,21.100787401574806,4.711811023622047,1.6566929133858268,3.6669291338582677,1.0448818897637795,0.6708661417322835,0.5716535433070866,0.8291338582677165,0.23779527559055116,1.1196850393700786,0.8094488188976378,0.3921259842519685,0.3228346456692913
minilm,5,83.45275590551181,25.555118110236222,5.94251968503937,4.6141732283464565,0.2346456692913386,21.100787401574806,7.404724409448819,2.7007874015748032,5.371653543307087,2.033070866141732,0.8480314960629921,0.778740157480315,0.9598425196850394,0.19448818897637796,1.6023622047244095,1.2157480314960631,0.5661417322834646,0.4283464566929134
minilm,10,142.43700787401573,46.811023622047244,5.94251968503937,4.228346456692913,0.13543307086614173,21.100787401574806,9.82992125984252,3.626771653543307,6.81496062992126,3.0149606299212595,0.9007874015748032,0.8669291338582678,0.9858267716535434,0.12125984251968504,1.8984251968503936,1.4488188976377954,0.6346456692913386,0.462992125984252
qwen,1,19.108923884514436,5.896325459317586,5.901049868766404,4.95511811023622,0.3921259842519685,18.976377952755904,4.9992125984251965,1.9650918635170604,3.8724409448818897,1.126771653543307,0.6698162729658792,0.5010498687664042,0.8559055118110236,0.2482939632545932,1.9018372703412074,0.9650918635170603,0.45433070866141734,0.3228346456692913
qwen,2,32.80446194225722,10.744094488188976,5.901049868766404,4.474015748031497,0.23648293963254594,18.976377952755904,6.987139107611549,2.1923884514435694,5.645931758530184,1.341207349081365,0.7049868766404199,0.5782152230971129,0.931496062992126,0.16824146981627297,2.389238845144357,1.099737532808399,0.4343832020997375,0.2850393700787402
qwen,5,64.87139107611549,23.30971128608924,5.901049868766404,3.8530183727034117,0.12703412073490813,18.976377952755904,9.384514435695538,2.084251968503937,7.883202099737533,1.5013123359580052,0.7000000000000001,0.6328083989501313,0.9674540682414698,0.09475065616797901,2.7556430446194224,1.0808398950131235,0.315748031496063,0.22440944881889763
qwen,10,106.6233595800525,41.14829396325459,5.901049868766404,3.425721784776903,0.08635170603674541,18.976377952755904,11.208661417322835,2.1018372703412074,9.446719160104987,1.7619422572178478,0.7178477690288714,0.6795275590551181,0.9795275590551181,0.06587926509186352,2.9834645669291335,1.1398950131233596,0.29238845144356956,0.20918635170603675
