policy,history_budget,mapping_fraction,known_anchors,probability_additional_disclosure,expected_additional_documents
deepseek,1,0.0,0.0,0.0,0.0
deepseek,1,0.1,1.9658792650918635,0.0723241927931713,0.0751394921807974
deepseek,1,0.25,4.927821522309712,0.16343531340996095,0.18840732013675965
deepseek,1,0.5,9.84514435695538,0.28048302197601277,0.37565466871984693
deepseek,1,1.0,19.653543307086615,0.4388451443569554,0.7498687664041995
deepseek,2,0.0,0.0,0.0,0.0
deepseek,2,0.1,3.279527559055118,0.0879403048721183,0.09298820706768841
deepseek,2,0.25,8.167979002624671,0.19600320479705385,0.23203096500399853
deepseek,2,0.5,16.35564304461942,0.33292446120372804,0.4650545101276308
deepseek,2,1.0,32.76246719160105,0.5062992125984251,0.9320209973753281
deepseek,5,0.0,0.0,0.0,0.0
deepseek,5,0.1,6.320209973753281,0.11784901183215019,0.12874660308453215
deepseek,5,0.25,15.84251968503937,0.2561936645572386,0.3230485624062925
deepseek,5,0.5,31.675853018372706,0.4169153424353098,0.6460112674126779
deepseek,5,1.0,63.3254593175853,0.6005249343832021,1.2913385826771653
deepseek,10,0.0,0.0,0.0,0.0
deepseek,10,0.1,10.343832020997375,0.14491819723262353,0.16190582881464377
deepseek,10,0.25,25.835958005249342,0.30665825999645097,0.4042085578853525
deepseek,10,0.5,51.679790026246714,0.4845393701504762,0.8087692891176095
deepseek,10,1.0,103.32808398950131,0.6706036745406825,1.6173228346456694
minilm,1,0.0,0.0,0.0,0.0
minilm,1,0.1,2.0984251968503935,0.06055007104866906,0.06248644383385009
minilm,1,0.25,5.275590551181103,0.13970254253626294,0.15616413909655205
minilm,1,0.5,10.5748031496063,0.24847750637076452,0.3142733235239762
minilm,1,1.0,21.125984251968504,0.4047244094488189,0.6259842519685039
minilm,2,0.0,0.0,0.0,0.0
minilm,2,0.1,3.8346456692913384,0.09738862776048858,0.10311821646080645
minilm,2,0.25,9.696850393700787,0.2204287351251421,0.26009070643148413
minilm,2,0.5,19.4251968503937,0.375733800421034,0.5218531693130598
minilm,2,1.0,38.881889763779526,0.5716535433070866,1.0448818897637795
minilm,5,0.0,0.0,0.0,0.0
minilm,5,0.1,8.350393700787402,0.1807130723519148,0.2033535413099918
minilm,5,0.25,20.88976377952756,0.3767547772724227,0.5089987202092667
minilm,5,0.5,41.74015748031496,0.5811382804305627,1.0166287813434143
minilm,5,1.0,83.45275590551181,0.778740157480315,2.033070866141732
minilm,10,0.0,0.0,0.0,0.0
minilm,10,0.1,14.240157480314961,0.25382256264680175,0.3014950473461873
minilm,10,0.25,35.610236220472444,0.4973706426791308,0.753756459431583
minilm,10,0.5,71.22834645669292,0.7122555012938879,1.5075418838712538
minilm,10,1.0,142.43700787401573,0.8669291338582678,3.0149606299212595
qwen,1,0.0,0.0,0.0,0.0
qwen,1,0.1,1.9028871391076114,0.10667721113429805,0.11341516601428715
qwen,1,0.25,4.792650918635171,0.22589633392168576,0.2816876530226452
qwen,1,0.5,9.55774278215223,0.35751280766642024,0.5626286831726833
qwen,1,1.0,19.108923884514436,0.5010498687664042,1.126771653543307
qwen,2,0.0,0.0,0.0,0.0
qwen,2,0.1,3.2913385826771653,0.12301105718111527,0.13410040933884834
qwen,2,0.25,8.207349081364828,0.2612225397122774,0.3360726148907714
qwen,2,0.5,16.41863517060367,0.4131840364301591,0.671450808335245
qwen,2,1.0,32.80446194225722,0.5782152230971129,1.341207349081365
qwen,5,0.0,0.0,0.0,0.0
qwen,5,0.1,6.4934383202099735,0.13529736095444583,0.15044053697141296
qwen,5,0.25,16.255905511811022,0.2862179890425808,0.37605706899964025
qwen,5,0.5,32.473753280839894,0.45213332113092664,0.7513716558132484
qwen,5,1.0,64.87139107611549,0.6328083989501313,1.5013123359580052
qwen,10,0.0,0.0,0.0,0.0
qwen,10,0.1,10.667979002624671,0.15555745878248003,0.17610600597480652
qwen,10,0.25,26.666666666666664,0.32375759060190146,0.4404855755473431
qwen,10,0.5,53.31496062992126,0.5009599430493453,0.880886381206325
qwen,10,1.0,106.6233595800525,0.6795275590551181,1.7619422572178478
