k,offset,mean,ci_low,ci_high,users
1,1,0.01950436675443841,0.017582535655971628,0.021471707794693953,254
1,2,0.021000778900883314,0.018751480595573234,0.02316048384688905,254
1,3,0.02129114988038189,0.019146634575851754,0.02346999449062561,254
1,4,0.01949536285891163,0.017181090663584402,0.021648289448893958,254
1,5,0.022390097891936554,0.01994214004749636,0.02479066776548202,254
5,1,0.09283361666950336,0.08451731079364011,0.10117869421256775,254
5,2,0.09909831690597877,0.08944857828160928,0.10920932096163816,254
5,3,0.10051287478539,0.09098113597043209,0.11035530290766851,254
5,4,0.09229374121585537,0.08269947010810125,0.10233001832926841,254
5,5,0.10513323546822047,0.09479466831275872,0.1156185149479884,254
10,1,0.17494847232965652,0.15883909236909594,0.19010427610055902,254
10,2,0.18485098167512323,0.16629361191337816,0.2031980136370606,254
10,3,0.1876913947410618,0.17141270796622804,0.20441286102324568,254
10,4,0.17286260331143266,0.15610925176261709,0.19055060490764628,254
10,5,0.19504734016161865,0.17693234855355736,0.21349274906814153,254
